file,line,type,commit,author,date,time,timezone,datetime,depth,length
style.css,1,css,76c97984,Ankita Inamti,2025-10-17,16:43:37,-07:00,2025-10-17T16:43:37-07:00,0,5
style.css,2,css,76c97984,Ankita Inamti,2025-10-17,16:43:37,-07:00,2025-10-17T16:43:37-07:00,1,23
style.css,3,css,10c14d12,Ankita Inamti,2025-10-17,17:11:01,-07:00,2025-10-17T17:11:01-07:00,1,31
style.css,4,css,76c97984,Ankita Inamti,2025-10-17,16:43:37,-07:00,2025-10-17T16:43:37-07:00,0,0
style.css,5,css,1b09ea8b,Ankita Inamti,2025-10-10,13:14:57,-07:00,2025-10-10T13:14:57-07:00,0,4
style.css,6,css,1b09ea8b,Ankita Inamti,2025-10-10,13:14:57,-07:00,2025-10-10T13:14:57-07:00,1,31
style.css,7,css,1b09ea8b,Ankita Inamti,2025-10-10,13:14:57,-07:00,2025-10-10T13:14:57-07:00,1,32
style.css,8,css,1b09ea8b,Ankita Inamti,2025-10-10,13:14:57,-07:00,2025-10-10T13:14:57-07:00,0,0
style.css,9,css,1b09ea8b,Ankita Inamti,2025-10-10,13:14:57,-07:00,2025-10-10T13:14:57-07:00,0,0
style.css,10,css,28fd799c,Ankita Inamti,2025-10-10,00:17:16,-07:00,2025-10-10T00:17:16-07:00,0,4
style.css,11,css,6ed7e5b3,Ankita Inamti,2025-10-17,16:54:02,-07:00,2025-10-17T16:54:02-07:00,1,23
style.css,12,css,6ed7e5b3,Ankita Inamti,2025-10-17,16:54:02,-07:00,2025-10-17T16:54:02-07:00,1,16
style.css,13,css,28fd799c,Ankita Inamti,2025-10-10,00:17:16,-07:00,2025-10-10T00:17:16-07:00,1,23
style.css,14,css,a28bdd63,Ankita Inamti,2025-10-17,17:05:21,-07:00,2025-10-17T17:05:21-07:00,1,42
style.css,15,css,33076e12,Ankita Inamti,2025-10-10,12:38:18,-07:00,2025-10-10T12:38:18-07:00,0,0
style.css,16,css,ad0d397b,Ankita Inamti,2025-10-10,00:40:21,-07:00,2025-10-10T00:40:21-07:00,0,0
style.css,17,css,f0552e98,Ankita Inamti,2025-10-10,15:07:53,-07:00,2025-10-10T15:07:53-07:00,0,30
style.css,18,css,f0552e98,Ankita Inamti,2025-10-10,15:07:53,-07:00,2025-10-10T15:07:53-07:00,0,0
style.css,19,css,f0552e98,Ankita Inamti,2025-10-10,15:07:53,-07:00,2025-10-10T15:07:53-07:00,0,4
style.css,20,css,f0552e98,Ankita Inamti,2025-10-10,15:07:53,-07:00,2025-10-10T15:07:53-07:00,2,14
style.css,21,css,f0552e98,Ankita Inamti,2025-10-10,15:07:53,-07:00,2025-10-10T15:07:53-07:00,2,18
style.css,22,css,f0552e98,Ankita Inamti,2025-10-10,15:07:53,-07:00,2025-10-10T15:07:53-07:00,2,17
style.css,23,css,a28bdd63,Ankita Inamti,2025-10-17,17:05:21,-07:00,2025-10-17T17:05:21-07:00,2,23
style.css,24,css,a28bdd63,Ankita Inamti,2025-10-17,17:05:21,-07:00,2025-10-17T17:05:21-07:00,2,16
style.css,25,css,a28bdd63,Ankita Inamti,2025-10-17,17:05:21,-07:00,2025-10-17T17:05:21-07:00,2,17
style.css,26,css,a28bdd63,Ankita Inamti,2025-10-17,17:05:21,-07:00,2025-10-17T17:05:21-07:00,2,40
style.css,27,css,f0552e98,Ankita Inamti,2025-10-10,15:07:53,-07:00,2025-10-10T15:07:53-07:00,0,0
style.css,28,css,f0552e98,Ankita Inamti,2025-10-10,15:07:53,-07:00,2025-10-10T15:07:53-07:00,0,0
style.css,29,css,f0552e98,Ankita Inamti,2025-10-10,15:07:53,-07:00,2025-10-10T15:07:53-07:00,0,21
style.css,30,css,f0552e98,Ankita Inamti,2025-10-10,15:07:53,-07:00,2025-10-10T15:07:53-07:00,2,14
style.css,31,css,f0552e98,Ankita Inamti,2025-10-10,15:07:53,-07:00,2025-10-10T15:07:53-07:00,2,25
style.css,32,css,f0552e98,Ankita Inamti,2025-10-10,15:07:53,-07:00,2025-10-10T15:07:53-07:00,2,12
style.css,33,css,f0552e98,Ankita Inamti,2025-10-10,15:07:53,-07:00,2025-10-10T15:07:53-07:00,2,19
style.css,34,css,f0552e98,Ankita Inamti,2025-10-10,15:07:53,-07:00,2025-10-10T15:07:53-07:00,2,20
style.css,35,css,f0552e98,Ankita Inamti,2025-10-10,15:07:53,-07:00,2025-10-10T15:07:53-07:00,2,43
style.css,36,css,f0552e98,Ankita Inamti,2025-10-10,15:07:53,-07:00,2025-10-10T15:07:53-07:00,2,15
style.css,37,css,f0552e98,Ankita Inamti,2025-10-10,15:07:53,-07:00,2025-10-10T15:07:53-07:00,0,0
style.css,38,css,f0552e98,Ankita Inamti,2025-10-10,15:07:53,-07:00,2025-10-10T15:07:53-07:00,0,0
style.css,39,css,f0552e98,Ankita Inamti,2025-10-10,15:07:53,-07:00,2025-10-10T15:07:53-07:00,0,13
style.css,40,css,f0552e98,Ankita Inamti,2025-10-10,15:07:53,-07:00,2025-10-10T15:07:53-07:00,0,9
style.css,41,css,f0552e98,Ankita Inamti,2025-10-10,15:07:53,-07:00,2025-10-10T15:07:53-07:00,2,14
style.css,42,css,f0552e98,Ankita Inamti,2025-10-10,15:07:53,-07:00,2025-10-10T15:07:53-07:00,2,12
style.css,43,css,f0552e98,Ankita Inamti,2025-10-10,15:07:53,-07:00,2025-10-10T15:07:53-07:00,2,17
style.css,44,css,f0552e98,Ankita Inamti,2025-10-10,15:07:53,-07:00,2025-10-10T15:07:53-07:00,2,17
style.css,45,css,f0552e98,Ankita Inamti,2025-10-10,15:07:53,-07:00,2025-10-10T15:07:53-07:00,0,0
style.css,46,css,f0552e98,Ankita Inamti,2025-10-10,15:07:53,-07:00,2025-10-10T15:07:53-07:00,0,15
style.css,47,css,f0552e98,Ankita Inamti,2025-10-10,15:07:53,-07:00,2025-10-10T15:07:53-07:00,2,14
style.css,48,css,f0552e98,Ankita Inamti,2025-10-10,15:07:53,-07:00,2025-10-10T15:07:53-07:00,2,11
style.css,49,css,f0552e98,Ankita Inamti,2025-10-10,15:07:53,-07:00,2025-10-10T15:07:53-07:00,2,16
style.css,50,css,f0552e98,Ankita Inamti,2025-10-10,15:07:53,-07:00,2025-10-10T15:07:53-07:00,2,19
style.css,51,css,f0552e98,Ankita Inamti,2025-10-10,15:07:53,-07:00,2025-10-10T15:07:53-07:00,2,41
style.css,52,css,f0552e98,Ankita Inamti,2025-10-10,15:07:53,-07:00,2025-10-10T15:07:53-07:00,2,20
style.css,53,css,f0552e98,Ankita Inamti,2025-10-10,15:07:53,-07:00,2025-10-10T15:07:53-07:00,0,0
style.css,54,css,f0552e98,Ankita Inamti,2025-10-10,15:07:53,-07:00,2025-10-10T15:07:53-07:00,0,0
style.css,55,css,f0552e98,Ankita Inamti,2025-10-10,15:07:53,-07:00,2025-10-10T15:07:53-07:00,0,10
style.css,56,css,f0552e98,Ankita Inamti,2025-10-10,15:07:53,-07:00,2025-10-10T15:07:53-07:00,2,14
style.css,57,css,f0552e98,Ankita Inamti,2025-10-10,15:07:53,-07:00,2025-10-10T15:07:53-07:00,2,14
style.css,58,css,f0552e98,Ankita Inamti,2025-10-10,15:07:53,-07:00,2025-10-10T15:07:53-07:00,2,19
style.css,59,css,f0552e98,Ankita Inamti,2025-10-10,15:07:53,-07:00,2025-10-10T15:07:53-07:00,2,16
style.css,60,css,f0552e98,Ankita Inamti,2025-10-10,15:07:53,-07:00,2025-10-10T15:07:53-07:00,0,0
style.css,61,css,f0552e98,Ankita Inamti,2025-10-10,15:07:53,-07:00,2025-10-10T15:07:53-07:00,0,0
style.css,62,css,f0552e98,Ankita Inamti,2025-10-10,15:07:53,-07:00,2025-10-10T15:07:53-07:00,0,7
style.css,63,css,f0552e98,Ankita Inamti,2025-10-10,15:07:53,-07:00,2025-10-10T15:07:53-07:00,2,19
style.css,64,css,f0552e98,Ankita Inamti,2025-10-10,15:07:53,-07:00,2025-10-10T15:07:53-07:00,2,16
style.css,65,css,f0552e98,Ankita Inamti,2025-10-10,15:07:53,-07:00,2025-10-10T15:07:53-07:00,2,39
style.css,66,css,f0552e98,Ankita Inamti,2025-10-10,15:07:53,-07:00,2025-10-10T15:07:53-07:00,0,0
style.css,67,css,f0552e98,Ankita Inamti,2025-10-10,15:07:53,-07:00,2025-10-10T15:07:53-07:00,0,0
style.css,68,css,f0552e98,Ankita Inamti,2025-10-10,15:07:53,-07:00,2025-10-10T15:07:53-07:00,0,2
style.css,69,css,f0552e98,Ankita Inamti,2025-10-10,15:07:53,-07:00,2025-10-10T15:07:53-07:00,2,20
style.css,70,css,f0552e98,Ankita Inamti,2025-10-10,15:07:53,-07:00,2025-10-10T15:07:53-07:00,2,49
style.css,71,css,f0552e98,Ankita Inamti,2025-10-10,15:07:53,-07:00,2025-10-10T15:07:53-07:00,2,16
style.css,72,css,f0552e98,Ankita Inamti,2025-10-10,15:07:53,-07:00,2025-10-10T15:07:53-07:00,0,0
style.css,73,css,f0552e98,Ankita Inamti,2025-10-10,15:07:53,-07:00,2025-10-10T15:07:53-07:00,0,0
style.css,74,css,f0552e98,Ankita Inamti,2025-10-10,15:07:53,-07:00,2025-10-10T15:07:53-07:00,0,5
style.css,75,css,f0552e98,Ankita Inamti,2025-10-10,15:07:53,-07:00,2025-10-10T15:07:53-07:00,2,19
style.css,76,css,f0552e98,Ankita Inamti,2025-10-10,15:07:53,-07:00,2025-10-10T15:07:53-07:00,0,0
style.css,77,css,f0552e98,Ankita Inamti,2025-10-10,15:07:53,-07:00,2025-10-10T15:07:53-07:00,0,0
style.css,78,css,442d6cfd,Ankita Inamti,2025-10-10,15:01:24,-07:00,2025-10-10T15:01:24-07:00,0,10
style.css,79,css,0718cdb6,Ankita Inamti,2025-10-10,14:58:45,-07:00,2025-10-10T14:58:45-07:00,0,22
style.css,80,css,0718cdb6,Ankita Inamti,2025-10-10,14:58:45,-07:00,2025-10-10T14:58:45-07:00,0,15
style.css,81,css,0718cdb6,Ankita Inamti,2025-10-10,14:58:45,-07:00,2025-10-10T14:58:45-07:00,0,17
style.css,82,css,0718cdb6,Ankita Inamti,2025-10-10,14:58:45,-07:00,2025-10-10T14:58:45-07:00,0,0
style.css,83,css,0718cdb6,Ankita Inamti,2025-10-10,14:58:45,-07:00,2025-10-10T14:58:45-07:00,0,0
style.css,84,css,0718cdb6,Ankita Inamti,2025-10-10,14:58:45,-07:00,2025-10-10T14:58:45-07:00,0,2
style.css,85,css,0718cdb6,Ankita Inamti,2025-10-10,14:58:45,-07:00,2025-10-10T14:58:45-07:00,0,14
style.css,86,css,0718cdb6,Ankita Inamti,2025-10-10,14:58:45,-07:00,2025-10-10T14:58:45-07:00,0,0
style.css,87,css,0718cdb6,Ankita Inamti,2025-10-10,14:58:45,-07:00,2025-10-10T14:58:45-07:00,0,0
style.css,88,css,0718cdb6,Ankita Inamti,2025-10-10,14:58:45,-07:00,2025-10-10T14:58:45-07:00,0,0
style.css,89,css,0718cdb6,Ankita Inamti,2025-10-10,14:58:45,-07:00,2025-10-10T14:58:45-07:00,0,0
style.css,90,css,442d6cfd,Ankita Inamti,2025-10-10,15:01:24,-07:00,2025-10-10T15:01:24-07:00,0,12
style.css,91,css,1b09ea8b,Ankita Inamti,2025-10-10,13:14:57,-07:00,2025-10-10T13:14:57-07:00,0,3
style.css,92,css,1b09ea8b,Ankita Inamti,2025-10-10,13:14:57,-07:00,2025-10-10T13:14:57-07:00,1,12
style.css,93,css,1b09ea8b,Ankita Inamti,2025-10-10,13:14:57,-07:00,2025-10-10T13:14:57-07:00,1,17
style.css,94,css,6ed7e5b3,Ankita Inamti,2025-10-17,16:54:02,-07:00,2025-10-17T16:54:02-07:00,1,7
style.css,95,css,6ed7e5b3,Ankita Inamti,2025-10-17,16:54:02,-07:00,2025-10-17T16:54:02-07:00,1,17
style.css,96,css,6ed7e5b3,Ankita Inamti,2025-10-17,16:54:02,-07:00,2025-10-17T16:54:02-07:00,1,43
style.css,97,css,6ed7e5b3,Ankita Inamti,2025-10-17,16:54:02,-07:00,2025-10-17T16:54:02-07:00,1,39
style.css,98,css,c4d3bcc9,Ankita Inamti,2025-10-10,13:01:46,-07:00,2025-10-10T13:01:46-07:00,0,0
style.css,99,css,c4d3bcc9,Ankita Inamti,2025-10-10,13:01:46,-07:00,2025-10-10T13:01:46-07:00,0,0
style.css,100,css,1b09ea8b,Ankita Inamti,2025-10-10,13:14:57,-07:00,2025-10-10T13:14:57-07:00,0,5
style.css,101,css,1b09ea8b,Ankita Inamti,2025-10-10,13:14:57,-07:00,2025-10-10T13:14:57-07:00,1,6
style.css,102,css,1b09ea8b,Ankita Inamti,2025-10-10,13:14:57,-07:00,2025-10-10T13:14:57-07:00,1,17
style.css,103,css,1b09ea8b,Ankita Inamti,2025-10-10,13:14:57,-07:00,2025-10-10T13:14:57-07:00,1,20
style.css,104,css,1b09ea8b,Ankita Inamti,2025-10-10,13:14:57,-07:00,2025-10-10T13:14:57-07:00,1,13
style.css,105,css,1b09ea8b,Ankita Inamti,2025-10-10,13:14:57,-07:00,2025-10-10T13:14:57-07:00,1,15
style.css,106,css,c4d3bcc9,Ankita Inamti,2025-10-10,13:01:46,-07:00,2025-10-10T13:01:46-07:00,0,0
style.css,107,css,c4d3bcc9,Ankita Inamti,2025-10-10,13:01:46,-07:00,2025-10-10T13:01:46-07:00,0,0
style.css,108,css,1b09ea8b,Ankita Inamti,2025-10-10,13:14:57,-07:00,2025-10-10T13:14:57-07:00,0,13
style.css,109,css,1b09ea8b,Ankita Inamti,2025-10-10,13:14:57,-07:00,2025-10-10T13:14:57-07:00,1,43
style.css,110,css,1b09ea8b,Ankita Inamti,2025-10-10,13:14:57,-07:00,2025-10-10T13:14:57-07:00,1,20
style.css,111,css,d9c6da1d,Ankita Inamti,2025-10-10,12:58:52,-07:00,2025-10-10T12:58:52-07:00,0,0
style.css,112,css,d9c6da1d,Ankita Inamti,2025-10-10,12:58:52,-07:00,2025-10-10T12:58:52-07:00,0,0
style.css,113,css,1b09ea8b,Ankita Inamti,2025-10-10,13:14:57,-07:00,2025-10-10T13:14:57-07:00,0,11
style.css,114,css,1b09ea8b,Ankita Inamti,2025-10-10,13:14:57,-07:00,2025-10-10T13:14:57-07:00,1,25
style.css,115,css,1b09ea8b,Ankita Inamti,2025-10-10,13:14:57,-07:00,2025-10-10T13:14:57-07:00,1,45
style.css,116,css,6ed7e5b3,Ankita Inamti,2025-10-17,16:54:02,-07:00,2025-10-17T16:54:02-07:00,1,69
style.css,117,css,6ed7e5b3,Ankita Inamti,2025-10-17,16:54:02,-07:00,2025-10-17T16:54:02-07:00,1,17
style.css,118,css,06ad1626,Ankita Inamti,2025-10-10,01:11:22,-07:00,2025-10-10T01:11:22-07:00,0,0
style.css,119,css,06ad1626,Ankita Inamti,2025-10-10,01:11:22,-07:00,2025-10-10T01:11:22-07:00,0,0
style.css,120,css,442d6cfd,Ankita Inamti,2025-10-10,15:01:24,-07:00,2025-10-10T15:01:24-07:00,0,15
style.css,121,css,ae9d06a1,Ankita Inamti,2025-10-25,18:45:36,-07:00,2025-10-25T18:45:36-07:00,0,13
style.css,122,css,ae9d06a1,Ankita Inamti,2025-10-25,18:45:36,-07:00,2025-10-25T18:45:36-07:00,1,11
style.css,123,css,ae9d06a1,Ankita Inamti,2025-10-25,18:45:36,-07:00,2025-10-25T18:45:36-07:00,1,11
style.css,124,css,ae9d06a1,Ankita Inamti,2025-10-25,18:45:36,-07:00,2025-10-25T18:45:36-07:00,1,18
style.css,125,css,ae9d06a1,Ankita Inamti,2025-10-25,18:45:36,-07:00,2025-10-25T18:45:36-07:00,1,16
style.css,126,css,ae9d06a1,Ankita Inamti,2025-10-25,18:45:36,-07:00,2025-10-25T18:45:36-07:00,0,0
style.css,127,css,ae9d06a1,Ankita Inamti,2025-10-25,18:45:36,-07:00,2025-10-25T18:45:36-07:00,0,0
style.css,128,css,9cb5e3ec,Ankita Inamti,2025-10-10,13:46:14,-07:00,2025-10-10T13:46:14-07:00,0,9
style.css,129,css,9cb5e3ec,Ankita Inamti,2025-10-10,13:46:14,-07:00,2025-10-10T13:46:14-07:00,1,12
style.css,130,css,9cb5e3ec,Ankita Inamti,2025-10-10,13:46:14,-07:00,2025-10-10T13:46:14-07:00,1,58
style.css,131,css,9cb5e3ec,Ankita Inamti,2025-10-10,13:46:14,-07:00,2025-10-10T13:46:14-07:00,1,7
style.css,132,css,9cb5e3ec,Ankita Inamti,2025-10-10,13:46:14,-07:00,2025-10-10T13:46:14-07:00,1,17
style.css,133,css,9cb5e3ec,Ankita Inamti,2025-10-10,13:46:14,-07:00,2025-10-10T13:46:14-07:00,0,0
style.css,134,css,9cb5e3ec,Ankita Inamti,2025-10-10,13:46:14,-07:00,2025-10-10T13:46:14-07:00,0,0
style.css,135,css,442d6cfd,Ankita Inamti,2025-10-10,15:01:24,-07:00,2025-10-10T15:01:24-07:00,0,28
style.css,136,css,66d25482,Ankita Inamti,2025-10-10,14:55:43,-07:00,2025-10-10T14:55:43-07:00,0,17
style.css,137,css,66d25482,Ankita Inamti,2025-10-10,14:55:43,-07:00,2025-10-10T14:55:43-07:00,1,12
style.css,138,css,66d25482,Ankita Inamti,2025-10-10,14:55:43,-07:00,2025-10-10T14:55:43-07:00,1,26
style.css,139,css,66d25482,Ankita Inamti,2025-10-10,14:55:43,-07:00,2025-10-10T14:55:43-07:00,1,15
style.css,140,css,66d25482,Ankita Inamti,2025-10-10,14:55:43,-07:00,2025-10-10T14:55:43-07:00,1,7
style.css,141,css,66d25482,Ankita Inamti,2025-10-10,14:55:43,-07:00,2025-10-10T14:55:43-07:00,1,0
style.css,142,css,66d25482,Ankita Inamti,2025-10-10,14:55:43,-07:00,2025-10-10T14:55:43-07:00,0,0
style.css,143,css,66d25482,Ankita Inamti,2025-10-10,14:55:43,-07:00,2025-10-10T14:55:43-07:00,0,20
style.css,144,css,66d25482,Ankita Inamti,2025-10-10,14:55:43,-07:00,2025-10-10T14:55:43-07:00,0,8
style.css,145,css,66d25482,Ankita Inamti,2025-10-10,14:55:43,-07:00,2025-10-10T14:55:43-07:00,0,0
style.css,146,css,66d25482,Ankita Inamti,2025-10-10,14:55:43,-07:00,2025-10-10T14:55:43-07:00,0,0
style.css,147,css,4146e9b4,Ankita Inamti,2025-11-01,12:59:50,-07:00,2025-11-01T12:59:50-07:00,0,18
style.css,148,css,4146e9b4,Ankita Inamti,2025-11-01,12:59:50,-07:00,2025-11-01T12:59:50-07:00,1,14
style.css,149,css,4146e9b4,Ankita Inamti,2025-11-01,12:59:50,-07:00,2025-11-01T12:59:50-07:00,1,16
style.css,150,css,4146e9b4,Ankita Inamti,2025-11-01,12:59:50,-07:00,2025-11-01T12:59:50-07:00,0,0
style.css,151,css,4146e9b4,Ankita Inamti,2025-11-01,12:59:50,-07:00,2025-11-01T12:59:50-07:00,1,16
style.css,152,css,4146e9b4,Ankita Inamti,2025-11-01,12:59:50,-07:00,2025-11-01T12:59:50-07:00,0,0
style.css,153,css,4146e9b4,Ankita Inamti,2025-11-01,12:59:50,-07:00,2025-11-01T12:59:50-07:00,0,0
style.css,154,css,1c615d3e,Ankita Inamti,2025-11-01,14:44:02,-07:00,2025-11-01T14:44:02-07:00,0,18
style.css,155,css,b993f9c3,Ankita Inamti,2025-11-01,14:49:08,-07:00,2025-11-01T14:49:08-07:00,0,21
style.css,156,css,b993f9c3,Ankita Inamti,2025-11-01,14:49:08,-07:00,2025-11-01T14:49:08-07:00,1,12
style.css,157,css,390c971a,Ankita Inamti,2025-11-01,15:18:31,-07:00,2025-11-01T15:18:31-07:00,1,22
style.css,158,css,390c971a,Ankita Inamti,2025-11-01,15:18:31,-07:00,2025-11-01T15:18:31-07:00,1,7
style.css,159,css,390c971a,Ankita Inamti,2025-11-01,15:18:31,-07:00,2025-11-01T15:18:31-07:00,1,14
style.css,160,css,b993f9c3,Ankita Inamti,2025-11-01,14:49:08,-07:00,2025-11-01T14:49:08-07:00,0,0
style.css,161,css,b993f9c3,Ankita Inamti,2025-11-01,14:49:08,-07:00,2025-11-01T14:49:08-07:00,0,0
style.css,162,css,b993f9c3,Ankita Inamti,2025-11-01,14:49:08,-07:00,2025-11-01T14:49:08-07:00,0,18
style.css,163,css,b993f9c3,Ankita Inamti,2025-11-01,14:49:08,-07:00,2025-11-01T14:49:08-07:00,1,11
style.css,164,css,b993f9c3,Ankita Inamti,2025-11-01,14:49:08,-07:00,2025-11-01T14:49:08-07:00,1,12
style.css,165,css,390c971a,Ankita Inamti,2025-11-01,15:18:31,-07:00,2025-11-01T15:18:31-07:00,1,13
style.css,166,css,b993f9c3,Ankita Inamti,2025-11-01,14:49:08,-07:00,2025-11-01T14:49:08-07:00,0,0
style.css,167,css,b993f9c3,Ankita Inamti,2025-11-01,14:49:08,-07:00,2025-11-01T14:49:08-07:00,0,0
style.css,168,css,1c615d3e,Ankita Inamti,2025-11-01,14:44:02,-07:00,2025-11-01T14:44:02-07:00,0,7
style.css,169,css,390c971a,Ankita Inamti,2025-11-01,15:18:31,-07:00,2025-11-01T15:18:31-07:00,1,6
style.css,170,css,1c615d3e,Ankita Inamti,2025-11-01,14:44:02,-07:00,2025-11-01T14:44:02-07:00,1,12
style.css,171,css,1c615d3e,Ankita Inamti,2025-11-01,14:44:02,-07:00,2025-11-01T14:44:02-07:00,1,57
style.css,172,css,b993f9c3,Ankita Inamti,2025-11-01,14:49:08,-07:00,2025-11-01T14:49:08-07:00,1,7
style.css,173,css,1c615d3e,Ankita Inamti,2025-11-01,14:44:02,-07:00,2025-11-01T14:44:02-07:00,1,15
style.css,174,css,1c615d3e,Ankita Inamti,2025-11-01,14:44:02,-07:00,2025-11-01T14:44:02-07:00,1,9
style.css,175,css,b993f9c3,Ankita Inamti,2025-11-01,14:49:08,-07:00,2025-11-01T14:49:08-07:00,1,8
style.css,176,css,1c615d3e,Ankita Inamti,2025-11-01,14:44:02,-07:00,2025-11-01T14:44:02-07:00,0,0
style.css,177,css,1c615d3e,Ankita Inamti,2025-11-01,14:44:02,-07:00,2025-11-01T14:44:02-07:00,0,0
style.css,178,css,1c615d3e,Ankita Inamti,2025-11-01,14:44:02,-07:00,2025-11-01T14:44:02-07:00,0,10
style.css,179,css,1c615d3e,Ankita Inamti,2025-11-01,14:44:02,-07:00,2025-11-01T14:44:02-07:00,1,12
style.css,180,css,b993f9c3,Ankita Inamti,2025-11-01,14:49:08,-07:00,2025-11-01T14:49:08-07:00,1,18
style.css,181,css,b993f9c3,Ankita Inamti,2025-11-01,14:49:08,-07:00,2025-11-01T14:49:08-07:00,1,9
style.css,182,css,1c615d3e,Ankita Inamti,2025-11-01,14:44:02,-07:00,2025-11-01T14:44:02-07:00,0,0
style.css,183,css,1c615d3e,Ankita Inamti,2025-11-01,14:44:02,-07:00,2025-11-01T14:44:02-07:00,0,0
style.css,184,css,1c615d3e,Ankita Inamti,2025-11-01,14:44:02,-07:00,2025-11-01T14:44:02-07:00,0,15
style.css,185,css,b993f9c3,Ankita Inamti,2025-11-01,14:49:08,-07:00,2025-11-01T14:49:08-07:00,1,20
style.css,186,css,1c615d3e,Ankita Inamti,2025-11-01,14:44:02,-07:00,2025-11-01T14:44:02-07:00,1,10
style.css,187,css,b993f9c3,Ankita Inamti,2025-11-01,14:49:08,-07:00,2025-11-01T14:49:08-07:00,1,18
style.css,188,css,b993f9c3,Ankita Inamti,2025-11-01,14:49:08,-07:00,2025-11-01T14:49:08-07:00,1,29
style.css,189,css,b993f9c3,Ankita Inamti,2025-11-01,14:49:08,-07:00,2025-11-01T14:49:08-07:00,1,17
style.css,190,css,1c615d3e,Ankita Inamti,2025-11-01,14:44:02,-07:00,2025-11-01T14:44:02-07:00,0,0
style.css,191,css,1c615d3e,Ankita Inamti,2025-11-01,14:44:02,-07:00,2025-11-01T14:44:02-07:00,0,0
style.css,192,css,390c971a,Ankita Inamti,2025-11-01,15:18:31,-07:00,2025-11-01T15:18:31-07:00,0,23
style.css,193,css,390c971a,Ankita Inamti,2025-11-01,15:18:31,-07:00,2025-11-01T15:18:31-07:00,1,24
style.css,194,css,bf1eec25,Ankita Inamti,2025-11-01,15:26:59,-07:00,2025-11-01T15:26:59-07:00,1,14
style.css,195,css,390c971a,Ankita Inamti,2025-11-01,15:18:31,-07:00,2025-11-01T15:18:31-07:00,0,0
style.css,196,css,390c971a,Ankita Inamti,2025-11-01,15:18:31,-07:00,2025-11-01T15:18:31-07:00,0,0
style.css,197,css,390c971a,Ankita Inamti,2025-11-01,15:18:31,-07:00,2025-11-01T15:18:31-07:00,0,51
style.css,198,css,390c971a,Ankita Inamti,2025-11-01,15:18:31,-07:00,2025-11-01T15:18:31-07:00,1,11
style.css,199,css,390c971a,Ankita Inamti,2025-11-01,15:18:31,-07:00,2025-11-01T15:18:31-07:00,0,0
style.css,200,css,390c971a,Ankita Inamti,2025-11-01,15:18:31,-07:00,2025-11-01T15:18:31-07:00,0,0
style.css,201,css,bf1eec25,Ankita Inamti,2025-11-01,15:26:59,-07:00,2025-11-01T15:26:59-07:00,0,9
style.css,202,css,bf1eec25,Ankita Inamti,2025-11-01,15:26:59,-07:00,2025-11-01T15:26:59-07:00,1,35
style.css,203,css,bf1eec25,Ankita Inamti,2025-11-01,15:26:59,-07:00,2025-11-01T15:26:59-07:00,0,0
style.css,204,css,bf1eec25,Ankita Inamti,2025-11-01,15:26:59,-07:00,2025-11-01T15:26:59-07:00,0,0
style.css,205,css,bf1eec25,Ankita Inamti,2025-11-01,15:26:59,-07:00,2025-11-01T15:26:59-07:00,0,18
style.css,206,css,bf1eec25,Ankita Inamti,2025-11-01,15:26:59,-07:00,2025-11-01T15:26:59-07:00,1,17
style.css,207,css,bf1eec25,Ankita Inamti,2025-11-01,15:26:59,-07:00,2025-11-01T15:26:59-07:00,0,0
style.css,208,css,bf1eec25,Ankita Inamti,2025-11-01,15:26:59,-07:00,2025-11-01T15:26:59-07:00,0,0
style.css,209,css,bf1eec25,Ankita Inamti,2025-11-01,15:26:59,-07:00,2025-11-01T15:26:59-07:00,0,21
style.css,210,css,bf1eec25,Ankita Inamti,2025-11-01,15:26:59,-07:00,2025-11-01T15:26:59-07:00,1,16
style.css,211,css,bf1eec25,Ankita Inamti,2025-11-01,15:26:59,-07:00,2025-11-01T15:26:59-07:00,1,32
style.css,212,css,bf1eec25,Ankita Inamti,2025-11-01,15:26:59,-07:00,2025-11-01T15:26:59-07:00,1,17
style.css,213,css,bf1eec25,Ankita Inamti,2025-11-01,15:26:59,-07:00,2025-11-01T15:26:59-07:00,0,0
style.css,214,css,bf1eec25,Ankita Inamti,2025-11-01,15:26:59,-07:00,2025-11-01T15:26:59-07:00,0,0
style.css,215,css,442d6cfd,Ankita Inamti,2025-10-10,15:01:24,-07:00,2025-10-10T15:01:24-07:00,0,26
style.css,216,css,1b09ea8b,Ankita Inamti,2025-10-10,13:14:57,-07:00,2025-10-10T13:14:57-07:00,0,4
style.css,217,css,1b09ea8b,Ankita Inamti,2025-10-10,13:14:57,-07:00,2025-10-10T13:14:57-07:00,1,12
style.css,218,css,1b09ea8b,Ankita Inamti,2025-10-10,13:14:57,-07:00,2025-10-10T13:14:57-07:00,1,30
style.css,219,css,1b09ea8b,Ankita Inamti,2025-10-10,13:14:57,-07:00,2025-10-10T13:14:57-07:00,1,7
style.css,220,css,1b09ea8b,Ankita Inamti,2025-10-10,13:14:57,-07:00,2025-10-10T13:14:57-07:00,1,18
style.css,221,css,1b09ea8b,Ankita Inamti,2025-10-10,13:14:57,-07:00,2025-10-10T13:14:57-07:00,1,15
style.css,222,css,1b09ea8b,Ankita Inamti,2025-10-10,13:14:57,-07:00,2025-10-10T13:14:57-07:00,1,18
style.css,223,css,ad0d397b,Ankita Inamti,2025-10-10,00:40:21,-07:00,2025-10-10T00:40:21-07:00,0,0
style.css,224,css,ad0d397b,Ankita Inamti,2025-10-10,00:40:21,-07:00,2025-10-10T00:40:21-07:00,0,0
style.css,225,css,1b09ea8b,Ankita Inamti,2025-10-10,13:14:57,-07:00,2025-10-10T13:14:57-07:00,0,5
style.css,226,css,442d6cfd,Ankita Inamti,2025-10-10,15:01:24,-07:00,2025-10-10T15:01:24-07:00,1,16
style.css,227,css,ad0d397b,Ankita Inamti,2025-10-10,00:40:21,-07:00,2025-10-10T00:40:21-07:00,0,0
style.css,228,css,ad0d397b,Ankita Inamti,2025-10-10,00:40:21,-07:00,2025-10-10T00:40:21-07:00,0,0
style.css,229,css,1b09ea8b,Ankita Inamti,2025-10-10,13:14:57,-07:00,2025-10-10T13:14:57-07:00,0,4
style.css,230,css,1b09ea8b,Ankita Inamti,2025-10-10,13:14:57,-07:00,2025-10-10T13:14:57-07:00,0,7
style.css,231,css,1b09ea8b,Ankita Inamti,2025-10-10,13:14:57,-07:00,2025-10-10T13:14:57-07:00,0,6
style.css,232,css,1b09ea8b,Ankita Inamti,2025-10-10,13:14:57,-07:00,2025-10-10T13:14:57-07:00,1,10
style.css,233,css,1b09ea8b,Ankita Inamti,2025-10-10,13:14:57,-07:00,2025-10-10T13:14:57-07:00,1,21
style.css,234,css,1b09ea8b,Ankita Inamti,2025-10-10,13:14:57,-07:00,2025-10-10T13:14:57-07:00,1,13
style.css,235,css,1b09ea8b,Ankita Inamti,2025-10-10,13:14:57,-07:00,2025-10-10T13:14:57-07:00,1,12
style.css,236,css,1b09ea8b,Ankita Inamti,2025-10-10,13:14:57,-07:00,2025-10-10T13:14:57-07:00,1,34
style.css,237,css,1b09ea8b,Ankita Inamti,2025-10-10,13:14:57,-07:00,2025-10-10T13:14:57-07:00,1,20
style.css,238,css,dadc9160,Ankita Inamti,2025-10-10,00:44:25,-07:00,2025-10-10T00:44:25-07:00,0,0
style.css,239,css,dadc9160,Ankita Inamti,2025-10-10,00:44:25,-07:00,2025-10-10T00:44:25-07:00,0,0
style.css,240,css,1b09ea8b,Ankita Inamti,2025-10-10,13:14:57,-07:00,2025-10-10T13:14:57-07:00,0,11
style.css,241,css,442d6cfd,Ankita Inamti,2025-10-10,15:01:24,-07:00,2025-10-10T15:01:24-07:00,1,18
style.css,242,css,442d6cfd,Ankita Inamti,2025-10-10,15:01:24,-07:00,2025-10-10T15:01:24-07:00,1,18
style.css,243,css,2ef251ea,Ankita Inamti,2025-10-10,12:41:39,-07:00,2025-10-10T12:41:39-07:00,0,0
style.css,244,css,08f16745,Ankita Inamti,2025-10-10,13:19:53,-07:00,2025-10-10T13:19:53-07:00,0,0
style.css,245,css,020d73b8,Ankita Inamti,2025-10-10,13:23:09,-07:00,2025-10-10T13:23:09-07:00,0,23
style.css,246,css,442d6cfd,Ankita Inamti,2025-10-10,15:01:24,-07:00,2025-10-10T15:01:24-07:00,1,17
style.css,247,css,08f16745,Ankita Inamti,2025-10-10,13:19:53,-07:00,2025-10-10T13:19:53-07:00,0,0
style.css,248,css,1df42fff,Ankita Inamti,2025-10-17,17:29:08,-07:00,2025-10-17T17:29:08-07:00,0,0
style.css,249,css,25619ca6,Ankita Inamti,2025-10-17,17:38:54,-07:00,2025-10-17T17:38:54-07:00,0,47
style.css,250,css,1df42fff,Ankita Inamti,2025-10-17,17:29:08,-07:00,2025-10-17T17:29:08-07:00,0,13
style.css,251,css,25619ca6,Ankita Inamti,2025-10-17,17:38:54,-07:00,2025-10-17T17:38:54-07:00,1,17
style.css,252,css,25619ca6,Ankita Inamti,2025-10-17,17:38:54,-07:00,2025-10-17T17:38:54-07:00,1,8
style.css,253,css,25619ca6,Ankita Inamti,2025-10-17,17:38:54,-07:00,2025-10-17T17:38:54-07:00,1,10
style.css,254,css,25619ca6,Ankita Inamti,2025-10-17,17:38:54,-07:00,2025-10-17T17:38:54-07:00,1,15
style.css,255,css,25619ca6,Ankita Inamti,2025-10-17,17:38:54,-07:00,2025-10-17T17:38:54-07:00,1,19
style.css,256,css,1df42fff,Ankita Inamti,2025-10-17,17:29:08,-07:00,2025-10-17T17:29:08-07:00,1,12
style.css,257,css,1df42fff,Ankita Inamti,2025-10-17,17:29:08,-07:00,2025-10-17T17:29:08-07:00,0,0
style.css,258,css,1df42fff,Ankita Inamti,2025-10-17,17:29:08,-07:00,2025-10-17T17:29:08-07:00,0,0
style.css,259,css,1df42fff,Ankita Inamti,2025-10-17,17:29:08,-07:00,2025-10-17T17:29:08-07:00,0,20
style.css,260,css,25619ca6,Ankita Inamti,2025-10-17,17:38:54,-07:00,2025-10-17T17:38:54-07:00,1,60
style.css,261,css,1df42fff,Ankita Inamti,2025-10-17,17:29:08,-07:00,2025-10-17T17:29:08-07:00,0,0
style.css,262,css,558463a1,Ankita Inamti,2025-10-25,18:04:50,-07:00,2025-10-25T18:04:50-07:00,0,0
style.css,263,css,558463a1,Ankita Inamti,2025-10-25,18:04:50,-07:00,2025-10-25T18:04:50-07:00,0,14
style.css,264,css,558463a1,Ankita Inamti,2025-10-25,18:04:50,-07:00,2025-10-25T18:04:50-07:00,1,14
style.css,265,css,558463a1,Ankita Inamti,2025-10-25,18:04:50,-07:00,2025-10-25T18:04:50-07:00,0,0
style.css,266,css,558463a1,Ankita Inamti,2025-10-25,18:04:50,-07:00,2025-10-25T18:04:50-07:00,0,0
style.css,267,css,558463a1,Ankita Inamti,2025-10-25,18:04:50,-07:00,2025-10-25T18:04:50-07:00,0,11
style.css,268,css,558463a1,Ankita Inamti,2025-10-25,18:04:50,-07:00,2025-10-25T18:04:50-07:00,1,12
style.css,269,css,558463a1,Ankita Inamti,2025-10-25,18:04:50,-07:00,2025-10-25T18:04:50-07:00,1,36
style.css,270,css,558463a1,Ankita Inamti,2025-10-25,18:04:50,-07:00,2025-10-25T18:04:50-07:00,1,9
style.css,271,css,558463a1,Ankita Inamti,2025-10-25,18:04:50,-07:00,2025-10-25T18:04:50-07:00,0,0
style.css,272,css,558463a1,Ankita Inamti,2025-10-25,18:04:50,-07:00,2025-10-25T18:04:50-07:00,0,0
style.css,273,css,558463a1,Ankita Inamti,2025-10-25,18:04:50,-07:00,2025-10-25T18:04:50-07:00,0,14
style.css,274,css,558463a1,Ankita Inamti,2025-10-25,18:04:50,-07:00,2025-10-25T18:04:50-07:00,1,16
style.css,275,css,558463a1,Ankita Inamti,2025-10-25,18:04:50,-07:00,2025-10-25T18:04:50-07:00,1,17
style.css,276,css,558463a1,Ankita Inamti,2025-10-25,18:04:50,-07:00,2025-10-25T18:04:50-07:00,0,0
style.css,277,css,558463a1,Ankita Inamti,2025-10-25,18:04:50,-07:00,2025-10-25T18:04:50-07:00,0,0
style.css,278,css,558463a1,Ankita Inamti,2025-10-25,18:04:50,-07:00,2025-10-25T18:04:50-07:00,0,14
style.css,279,css,558463a1,Ankita Inamti,2025-10-25,18:04:50,-07:00,2025-10-25T18:04:50-07:00,1,17
style.css,280,css,558463a1,Ankita Inamti,2025-10-25,18:04:50,-07:00,2025-10-25T18:04:50-07:00,1,8
style.css,281,css,558463a1,Ankita Inamti,2025-10-25,18:04:50,-07:00,2025-10-25T18:04:50-07:00,0,0
index.js,1,js,2e83b524,Ankita Inamti,2025-10-25,18:07:37,-07:00,2025-10-25T18:07:37-07:00,0,71
index.js,2,js,d766361c,Ankita Inamti,2025-10-25,15:56:54,-07:00,2025-10-25T15:56:54-07:00,0,54
index.js,3,js,d766361c,Ankita Inamti,2025-10-25,15:56:54,-07:00,2025-10-25T15:56:54-07:00,0,42
index.js,4,js,d766361c,Ankita Inamti,2025-10-25,15:56:54,-07:00,2025-10-25T15:56:54-07:00,0,60
index.js,5,js,3ab3fbac,Ankita Inamti,2025-10-25,15:40:08,-07:00,2025-10-25T15:40:08-07:00,0,0
index.js,6,js,d766361c,Ankita Inamti,2025-10-25,15:56:54,-07:00,2025-10-25T15:56:54-07:00,0,54
index.js,7,js,3ab3fbac,Ankita Inamti,2025-10-25,15:40:08,-07:00,2025-10-25T15:40:08-07:00,0,0
index.js,8,js,558463a1,Ankita Inamti,2025-10-25,18:04:50,-07:00,2025-10-25T18:04:50-07:00,0,35
index.js,9,js,558463a1,Ankita Inamti,2025-10-25,18:04:50,-07:00,2025-10-25T18:04:50-07:00,1,50
index.js,10,js,558463a1,Ankita Inamti,2025-10-25,18:04:50,-07:00,2025-10-25T18:04:50-07:00,1,60
index.js,11,js,558463a1,Ankita Inamti,2025-10-25,18:04:50,-07:00,2025-10-25T18:04:50-07:00,0,0
index.js,12,js,558463a1,Ankita Inamti,2025-10-25,18:04:50,-07:00,2025-10-25T18:04:50-07:00,1,17
index.js,13,js,558463a1,Ankita Inamti,2025-10-25,18:04:50,-07:00,2025-10-25T18:04:50-07:00,2,24
index.js,14,js,558463a1,Ankita Inamti,2025-10-25,18:04:50,-07:00,2025-10-25T18:04:50-07:00,3,21
index.js,15,js,558463a1,Ankita Inamti,2025-10-25,18:04:50,-07:00,2025-10-25T18:04:50-07:00,4,55
index.js,16,js,558463a1,Ankita Inamti,2025-10-25,18:04:50,-07:00,2025-10-25T18:04:50-07:00,4,55
index.js,17,js,558463a1,Ankita Inamti,2025-10-25,18:04:50,-07:00,2025-10-25T18:04:50-07:00,4,49
index.js,18,js,558463a1,Ankita Inamti,2025-10-25,18:04:50,-07:00,2025-10-25T18:04:50-07:00,4,49
index.js,19,js,558463a1,Ankita Inamti,2025-10-25,18:04:50,-07:00,2025-10-25T18:04:50-07:00,3,3
index.js,20,js,558463a1,Ankita Inamti,2025-10-25,18:04:50,-07:00,2025-10-25T18:04:50-07:00,2,0
index.js,21,js,558463a1,Ankita Inamti,2025-10-25,18:04:50,-07:00,2025-10-25T18:04:50-07:00,1,6
index.js,22,js,558463a1,Ankita Inamti,2025-10-25,18:04:50,-07:00,2025-10-25T18:04:50-07:00,2,60
index.js,23,js,558463a1,Ankita Inamti,2025-10-25,18:04:50,-07:00,2025-10-25T18:04:50-07:00,1,0
index.js,24,js,558463a1,Ankita Inamti,2025-10-25,18:04:50,-07:00,2025-10-25T18:04:50-07:00,0,0
index.js,25,js,558463a1,Ankita Inamti,2025-10-25,18:04:50,-07:00,2025-10-25T18:04:50-07:00,0,0
index.js,26,js,558463a1,Ankita Inamti,2025-10-25,18:04:50,-07:00,2025-10-25T18:04:50-07:00,0,19
index.html,1,html,939fcc51,Ankita Inamti,2025-09-30,14:20:08,-07:00,2025-09-30T14:20:08-07:00,0,13
index.html,2,html,939fcc51,Ankita Inamti,2025-09-30,14:20:08,-07:00,2025-09-30T14:20:08-07:00,0,14
index.html,3,html,939fcc51,Ankita Inamti,2025-09-30,14:20:08,-07:00,2025-09-30T14:20:08-07:00,0,4
index.html,4,html,939fcc51,Ankita Inamti,2025-09-30,14:20:08,-07:00,2025-09-30T14:20:08-07:00,2,20
index.html,5,html,939fcc51,Ankita Inamti,2025-09-30,14:20:08,-07:00,2025-09-30T14:20:08-07:00,2,68
index.html,6,html,939fcc51,Ankita Inamti,2025-09-30,14:20:08,-07:00,2025-09-30T14:20:08-07:00,2,55
index.html,7,html,0b36eb6f,Ankita Inamti,2025-10-10,00:49:45,-07:00,2025-10-10T00:49:45-07:00,2,38
index.html,8,html,1aa9942a,Ankita Inamti,2025-10-01,13:50:26,-07:00,2025-10-01T13:50:26-07:00,0,0
index.html,9,html,1aa9942a,Ankita Inamti,2025-10-01,13:50:26,-07:00,2025-10-01T13:50:26-07:00,0,5
index.html,10,html,1aa9942a,Ankita Inamti,2025-10-01,13:50:26,-07:00,2025-10-01T13:50:26-07:00,0,4
index.html,11,html,e4b09eee,Ankita Inamti,2025-10-10,01:00:00,-07:00,2025-10-10T01:00:00-07:00,0,0
index.html,12,html,e4b09eee,Ankita Inamti,2025-10-10,01:00:00,-07:00,2025-10-10T01:00:00-07:00,2,20
index.html,13,html,747dc9b8,Ankita Inamti,2025-10-10,12:34:46,-07:00,2025-10-10T12:34:46-07:00,2,135
index.html,14,html,e4b09eee,Ankita Inamti,2025-10-10,01:00:00,-07:00,2025-10-10T01:00:00-07:00,0,0
index.html,15,html,feffb135,Ankita Inamti,2025-10-25,13:40:19,-07:00,2025-10-25T13:40:19-07:00,2,97
index.html,16,html,feffb135,Ankita Inamti,2025-10-25,13:40:19,-07:00,2025-10-25T13:40:19-07:00,0,0
index.html,17,html,d967b8b4,Ankita Inamti,2025-10-25,13:37:31,-07:00,2025-10-25T13:37:31-07:00,2,22
index.html,18,html,d967b8b4,Ankita Inamti,2025-10-25,13:37:31,-07:00,2025-10-25T13:37:31-07:00,0,20
index.html,19,html,d967b8b4,Ankita Inamti,2025-10-25,13:37:31,-07:00,2025-10-25T13:37:31-07:00,1,49
index.html,20,html,d967b8b4,Ankita Inamti,2025-10-25,13:37:31,-07:00,2025-10-25T13:37:31-07:00,0,4
index.html,21,html,d967b8b4,Ankita Inamti,2025-10-25,13:37:31,-07:00,2025-10-25T13:37:31-07:00,0,0
index.html,22,html,558463a1,Ankita Inamti,2025-10-25,18:04:50,-07:00,2025-10-25T18:04:50-07:00,0,21
index.html,23,html,558463a1,Ankita Inamti,2025-10-25,18:04:50,-07:00,2025-10-25T18:04:50-07:00,0,22
index.html,24,html,558463a1,Ankita Inamti,2025-10-25,18:04:50,-07:00,2025-10-25T18:04:50-07:00,1,33
index.html,25,html,558463a1,Ankita Inamti,2025-10-25,18:04:50,-07:00,2025-10-25T18:04:50-07:00,0,4
index.html,26,html,558463a1,Ankita Inamti,2025-10-25,18:04:50,-07:00,2025-10-25T18:04:50-07:00,0,0
index.html,27,html,1e39e449,Ankita Inamti,2025-10-25,18:26:15,-07:00,2025-10-25T18:26:15-07:00,2,45
index.html,28,html,6df2d4c6,Ankita Inamti,2025-10-25,18:27:10,-07:00,2025-10-25T18:27:10-07:00,2,44
index.html,29,html,939fcc51,Ankita Inamti,2025-09-30,14:20:08,-07:00,2025-09-30T14:20:08-07:00,2,0
index.html,30,html,939fcc51,Ankita Inamti,2025-09-30,14:20:08,-07:00,2025-09-30T14:20:08-07:00,0,5
index.html,31,html,d967b8b4,Ankita Inamti,2025-10-25,13:37:31,-07:00,2025-10-25T13:37:31-07:00,0,0
index.html,32,html,939fcc51,Ankita Inamti,2025-09-30,14:20:08,-07:00,2025-09-30T14:20:08-07:00,0,5
global.js,1,js,c62d88fd,Ankita Inamti,2025-10-17,14:37:48,-07:00,2025-10-17T14:37:48-07:00,0,25
global.js,2,js,8c07d6ac,Ankita Inamti,2025-10-17,13:06:24,-07:00,2025-10-17T13:06:24-07:00,0,0
global.js,3,js,8c07d6ac,Ankita Inamti,2025-10-17,13:06:24,-07:00,2025-10-17T13:06:24-07:00,0,41
global.js,4,js,8c07d6ac,Ankita Inamti,2025-10-17,13:06:24,-07:00,2025-10-17T13:06:24-07:00,1,52
global.js,5,js,e53d0c1b,Ankita Inamti,2025-10-17,13:52:21,-07:00,2025-10-17T13:52:21-07:00,0,0
global.js,6,js,e53d0c1b,Ankita Inamti,2025-10-17,13:52:21,-07:00,2025-10-17T13:52:21-07:00,0,0
global.js,7,js,25619ca6,Ankita Inamti,2025-10-17,17:38:54,-07:00,2025-10-17T17:38:54-07:00,0,31
global.js,8,js,25619ca6,Ankita Inamti,2025-10-17,17:38:54,-07:00,2025-10-17T17:38:54-07:00,1,11
global.js,9,js,25619ca6,Ankita Inamti,2025-10-17,17:38:54,-07:00,2025-10-17T17:38:54-07:00,1,0
global.js,10,js,25619ca6,Ankita Inamti,2025-10-17,17:38:54,-07:00,2025-10-17T17:38:54-07:00,1,26
global.js,11,js,25619ca6,Ankita Inamti,2025-10-17,17:38:54,-07:00,2025-10-17T17:38:54-07:00,2,4
global.js,12,js,25619ca6,Ankita Inamti,2025-10-17,17:38:54,-07:00,2025-10-17T17:38:54-07:00,2,26
global.js,13,js,25619ca6,Ankita Inamti,2025-10-17,17:38:54,-07:00,2025-10-17T17:38:54-07:00,3,43
global.js,14,js,25619ca6,Ankita Inamti,2025-10-17,17:38:54,-07:00,2025-10-17T17:38:54-07:00,3,34
global.js,15,js,25619ca6,Ankita Inamti,2025-10-17,17:38:54,-07:00,2025-10-17T17:38:54-07:00,3,32
global.js,16,js,25619ca6,Ankita Inamti,2025-10-17,17:38:54,-07:00,2025-10-17T17:38:54-07:00,2,7
global.js,17,js,25619ca6,Ankita Inamti,2025-10-17,17:38:54,-07:00,2025-10-17T17:38:54-07:00,1,6
global.js,18,js,25619ca6,Ankita Inamti,2025-10-17,17:38:54,-07:00,2025-10-17T17:38:54-07:00,1,0
global.js,19,js,25619ca6,Ankita Inamti,2025-10-17,17:38:54,-07:00,2025-10-17T17:38:54-07:00,0,0
global.js,20,js,25619ca6,Ankita Inamti,2025-10-17,17:38:54,-07:00,2025-10-17T17:38:54-07:00,0,0
global.js,21,js,aaee5a8e,Ankita Inamti,2025-10-17,15:08:35,-07:00,2025-10-17T15:08:35-07:00,0,33
global.js,22,js,aaee5a8e,Ankita Inamti,2025-10-17,15:08:35,-07:00,2025-10-17T15:08:35-07:00,0,71
global.js,23,js,aaee5a8e,Ankita Inamti,2025-10-17,15:08:35,-07:00,2025-10-17T15:08:35-07:00,0,3
global.js,24,js,aaee5a8e,Ankita Inamti,2025-10-17,15:08:35,-07:00,2025-10-17T15:08:35-07:00,0,38
global.js,25,js,aaee5a8e,Ankita Inamti,2025-10-17,15:08:35,-07:00,2025-10-17T15:08:35-07:00,0,19
global.js,26,js,aaee5a8e,Ankita Inamti,2025-10-17,15:08:35,-07:00,2025-10-17T15:08:35-07:00,0,39
global.js,27,js,aaee5a8e,Ankita Inamti,2025-10-17,15:08:35,-07:00,2025-10-17T15:08:35-07:00,0,40
global.js,28,js,aaee5a8e,Ankita Inamti,2025-10-17,15:08:35,-07:00,2025-10-17T15:08:35-07:00,0,2
global.js,29,js,aaee5a8e,Ankita Inamti,2025-10-17,15:08:35,-07:00,2025-10-17T15:08:35-07:00,0,0
global.js,30,js,2a17f519,Ankita Inamti,2025-10-17,14:12:44,-07:00,2025-10-17T14:12:44-07:00,0,11
global.js,31,js,40561366,Ankita Inamti,2025-10-17,14:34:51,-07:00,2025-10-17T14:34:51-07:00,1,25
global.js,32,js,2a17f519,Ankita Inamti,2025-10-17,14:12:44,-07:00,2025-10-17T14:12:44-07:00,1,38
global.js,33,js,98e2a09d,Ankita Inamti,2025-10-17,14:52:27,-07:00,2025-10-17T14:52:27-07:00,1,34
global.js,34,js,27f008e1,Ankita Inamti,2025-10-17,15:02:58,-07:00,2025-10-17T15:02:58-07:00,1,36
global.js,35,js,f5c17db0,Ankita Inamti,2025-11-08,12:51:12,-08:00,2025-11-08T12:51:12-08:00,1,30
global.js,36,js,55ad837d,Ankita Inamti,2025-10-17,15:06:41,-07:00,2025-10-17T15:06:41-07:00,1,69
global.js,37,js,2a17f519,Ankita Inamti,2025-10-17,14:12:44,-07:00,2025-10-17T14:12:44-07:00,0,0
global.js,38,js,2a17f519,Ankita Inamti,2025-10-17,14:12:44,-07:00,2025-10-17T14:12:44-07:00,0,0
global.js,39,js,2a17f519,Ankita Inamti,2025-10-17,14:12:44,-07:00,2025-10-17T14:12:44-07:00,0,38
global.js,40,js,2a17f519,Ankita Inamti,2025-10-17,14:12:44,-07:00,2025-10-17T14:12:44-07:00,0,25
global.js,41,js,2a17f519,Ankita Inamti,2025-10-17,14:12:44,-07:00,2025-10-17T14:12:44-07:00,0,0
global.js,42,js,55ad837d,Ankita Inamti,2025-10-17,15:06:41,-07:00,2025-10-17T15:06:41-07:00,0,15
global.js,43,js,55ad837d,Ankita Inamti,2025-10-17,15:06:41,-07:00,2025-10-17T15:06:41-07:00,1,68
global.js,44,js,cfe098e1,Ankita Inamti,2025-10-20,16:21:05,-07:00,2025-10-20T16:21:05-07:00,2,3
global.js,45,js,cfe098e1,Ankita Inamti,2025-10-20,16:21:05,-07:00,2025-10-20T16:21:05-07:00,2,14
global.js,46,js,40561366,Ankita Inamti,2025-10-17,14:34:51,-07:00,2025-10-17T14:34:51-07:00,0,0
global.js,47,js,2a17f519,Ankita Inamti,2025-10-17,14:12:44,-07:00,2025-10-17T14:12:44-07:00,0,20
global.js,48,js,2a17f519,Ankita Inamti,2025-10-17,14:12:44,-07:00,2025-10-17T14:12:44-07:00,1,14
global.js,49,js,2a17f519,Ankita Inamti,2025-10-17,14:12:44,-07:00,2025-10-17T14:12:44-07:00,1,18
global.js,50,js,2a17f519,Ankita Inamti,2025-10-17,14:12:44,-07:00,2025-10-17T14:12:44-07:00,0,0
global.js,51,js,55ad837d,Ankita Inamti,2025-10-17,15:06:41,-07:00,2025-10-17T15:06:41-07:00,1,28
global.js,52,js,55ad837d,Ankita Inamti,2025-10-17,15:06:41,-07:00,2025-10-17T15:06:41-07:00,2,20
global.js,53,js,d4eab82f,Ankita Inamti,2025-10-17,14:20:46,-07:00,2025-10-17T14:20:46-07:00,1,0
global.js,54,js,d4eab82f,Ankita Inamti,2025-10-17,14:20:46,-07:00,2025-10-17T14:20:46-07:00,0,0
global.js,55,js,55ad837d,Ankita Inamti,2025-10-17,15:06:41,-07:00,2025-10-17T15:06:41-07:00,1,34
global.js,56,js,55ad837d,Ankita Inamti,2025-10-17,15:06:41,-07:00,2025-10-17T15:06:41-07:00,1,11
global.js,57,js,55ad837d,Ankita Inamti,2025-10-17,15:06:41,-07:00,2025-10-17T15:06:41-07:00,1,20
global.js,58,js,55ad837d,Ankita Inamti,2025-10-17,15:06:41,-07:00,2025-10-17T15:06:41-07:00,0,0
global.js,59,js,55ad837d,Ankita Inamti,2025-10-17,15:06:41,-07:00,2025-10-17T15:06:41-07:00,1,17
global.js,60,js,55ad837d,Ankita Inamti,2025-10-17,15:06:41,-07:00,2025-10-17T15:06:41-07:00,2,8
global.js,61,js,55ad837d,Ankita Inamti,2025-10-17,15:06:41,-07:00,2025-10-17T15:06:41-07:00,2,58
global.js,62,js,55ad837d,Ankita Inamti,2025-10-17,15:06:41,-07:00,2025-10-17T15:06:41-07:00,1,0
global.js,63,js,55ad837d,Ankita Inamti,2025-10-17,15:06:41,-07:00,2025-10-17T15:06:41-07:00,0,0
global.js,64,js,55ad837d,Ankita Inamti,2025-10-17,15:06:41,-07:00,2025-10-17T15:06:41-07:00,1,52
global.js,65,js,55ad837d,Ankita Inamti,2025-10-17,15:06:41,-07:00,2025-10-17T15:06:41-07:00,1,29
global.js,66,js,55ad837d,Ankita Inamti,2025-10-17,15:06:41,-07:00,2025-10-17T15:06:41-07:00,2,18
global.js,67,js,cfe098e1,Ankita Inamti,2025-10-20,16:21:05,-07:00,2025-10-20T16:21:05-07:00,2,28
global.js,68,js,d4eab82f,Ankita Inamti,2025-10-17,14:20:46,-07:00,2025-10-17T14:20:46-07:00,1,0
global.js,69,js,d4eab82f,Ankita Inamti,2025-10-17,14:20:46,-07:00,2025-10-17T14:20:46-07:00,0,0
global.js,70,js,55ad837d,Ankita Inamti,2025-10-17,15:06:41,-07:00,2025-10-17T15:06:41-07:00,1,12
global.js,71,js,1df42fff,Ankita Inamti,2025-10-17,17:29:08,-07:00,2025-10-17T17:29:08-07:00,0,0
global.js,72,js,1df42fff,Ankita Inamti,2025-10-17,17:29:08,-07:00,2025-10-17T17:29:08-07:00,0,0
global.js,73,js,1df42fff,Ankita Inamti,2025-10-17,17:29:08,-07:00,2025-10-17T17:29:08-07:00,0,0
global.js,74,js,1df42fff,Ankita Inamti,2025-10-17,17:29:08,-07:00,2025-10-17T17:29:08-07:00,0,55
global.js,75,js,1df42fff,Ankita Inamti,2025-10-17,17:29:08,-07:00,2025-10-17T17:29:08-07:00,0,0
global.js,76,js,25619ca6,Ankita Inamti,2025-10-17,17:38:54,-07:00,2025-10-17T17:38:54-07:00,0,44
global.js,77,js,1df42fff,Ankita Inamti,2025-10-17,17:29:08,-07:00,2025-10-17T17:29:08-07:00,0,59
global.js,78,js,1df42fff,Ankita Inamti,2025-10-17,17:29:08,-07:00,2025-10-17T17:29:08-07:00,0,10
global.js,79,js,25619ca6,Ankita Inamti,2025-10-17,17:38:54,-07:00,2025-10-17T17:38:54-07:00,1,64
global.js,80,js,1df42fff,Ankita Inamti,2025-10-17,17:29:08,-07:00,2025-10-17T17:29:08-07:00,1,19
global.js,81,js,25619ca6,Ankita Inamti,2025-10-17,17:38:54,-07:00,2025-10-17T17:38:54-07:00,0,6
global.js,82,js,cfe098e1,Ankita Inamti,2025-10-20,16:21:05,-07:00,2025-10-20T16:21:05-07:00,1,71
global.js,83,js,c62d88fd,Ankita Inamti,2025-10-17,14:37:48,-07:00,2025-10-17T14:37:48-07:00,0,0
global.js,84,js,55ad837d,Ankita Inamti,2025-10-17,15:06:41,-07:00,2025-10-17T15:06:41-07:00,0,0
global.js,85,js,25619ca6,Ankita Inamti,2025-10-17,17:38:54,-07:00,2025-10-17T17:38:54-07:00,0,47
global.js,86,js,25619ca6,Ankita Inamti,2025-10-17,17:38:54,-07:00,2025-10-17T17:38:54-07:00,0,48
global.js,87,js,25619ca6,Ankita Inamti,2025-10-17,17:38:54,-07:00,2025-10-17T17:38:54-07:00,1,31
global.js,88,js,25619ca6,Ankita Inamti,2025-10-17,17:38:54,-07:00,2025-10-17T17:38:54-07:00,1,44
global.js,89,js,25619ca6,Ankita Inamti,2025-10-17,17:38:54,-07:00,2025-10-17T17:38:54-07:00,1,64
global.js,90,js,25619ca6,Ankita Inamti,2025-10-17,17:38:54,-07:00,2025-10-17T17:38:54-07:00,1,52
global.js,91,js,25619ca6,Ankita Inamti,2025-10-17,17:38:54,-07:00,2025-10-17T17:38:54-07:00,0,1
global.js,92,js,25619ca6,Ankita Inamti,2025-10-17,17:38:54,-07:00,2025-10-17T17:38:54-07:00,0,0
global.js,93,js,25619ca6,Ankita Inamti,2025-10-17,17:38:54,-07:00,2025-10-17T17:38:54-07:00,0,0
global.js,94,js,396e4786,Ankita Inamti,2025-10-25,10:35:47,-07:00,2025-10-25T10:35:47-07:00,0,36
global.js,95,js,396e4786,Ankita Inamti,2025-10-25,10:35:47,-07:00,2025-10-25T10:35:47-07:00,1,3
global.js,96,js,396e4786,Ankita Inamti,2025-10-25,10:35:47,-07:00,2025-10-25T10:35:47-07:00,2,32
global.js,97,js,a3d506e1,Ankita Inamti,2025-10-25,10:58:11,-07:00,2025-10-25T10:58:11-07:00,2,17
global.js,98,js,a3d506e1,Ankita Inamti,2025-10-25,10:58:11,-07:00,2025-10-25T10:58:11-07:00,3,66
global.js,99,js,a3d506e1,Ankita Inamti,2025-10-25,10:58:11,-07:00,2025-10-25T10:58:11-07:00,2,0
global.js,100,js,a3d506e1,Ankita Inamti,2025-10-25,10:58:11,-07:00,2025-10-25T10:58:11-07:00,2,33
global.js,101,js,a3d506e1,Ankita Inamti,2025-10-25,10:58:11,-07:00,2025-10-25T10:58:11-07:00,2,10
global.js,102,js,e0e6a12e,Ankita Inamti,2025-10-25,12:35:05,-07:00,2025-10-25T12:35:05-07:00,1,0
global.js,103,js,e0e6a12e,Ankita Inamti,2025-10-25,12:35:05,-07:00,2025-10-25T12:35:05-07:00,1,13
global.js,104,js,396e4786,Ankita Inamti,2025-10-25,10:35:47,-07:00,2025-10-25T10:35:47-07:00,2,59
global.js,105,js,396e4786,Ankita Inamti,2025-10-25,10:35:47,-07:00,2025-10-25T10:35:47-07:00,1,0
global.js,106,js,396e4786,Ankita Inamti,2025-10-25,10:35:47,-07:00,2025-10-25T10:35:47-07:00,0,0
global.js,107,js,396e4786,Ankita Inamti,2025-10-25,10:35:47,-07:00,2025-10-25T10:35:47-07:00,0,0
global.js,108,js,e0e6a12e,Ankita Inamti,2025-10-25,12:35:05,-07:00,2025-10-25T12:35:05-07:00,0,79
global.js,109,js,0f240842,Ankita Inamti,2025-10-25,12:09:21,-07:00,2025-10-25T12:09:21-07:00,1,30
global.js,110,js,e0e6a12e,Ankita Inamti,2025-10-25,12:35:05,-07:00,2025-10-25T12:35:05-07:00,1,0
global.js,111,js,30e611c8,Ankita Inamti,2025-10-25,12:12:10,-07:00,2025-10-25T12:12:10-07:00,1,27
global.js,112,js,e0e6a12e,Ankita Inamti,2025-10-25,12:35:05,-07:00,2025-10-25T12:35:05-07:00,2,48
global.js,113,js,e0e6a12e,Ankita Inamti,2025-10-25,12:35:05,-07:00,2025-10-25T12:35:05-07:00,2,19
global.js,114,js,30e611c8,Ankita Inamti,2025-10-25,12:12:10,-07:00,2025-10-25T12:12:10-07:00,3,49
global.js,115,js,30e611c8,Ankita Inamti,2025-10-25,12:12:10,-07:00,2025-10-25T12:12:10-07:00,3,49
global.js,116,js,5dc8a07f,Ankita Inamti,2025-11-01,12:42:28,-07:00,2025-11-01T12:42:28-07:00,3,24
global.js,117,js,5dc8a07f,Ankita Inamti,2025-11-01,12:42:28,-07:00,2025-11-01T12:42:28-07:00,4,27
global.js,118,js,5dc8a07f,Ankita Inamti,2025-11-01,12:42:28,-07:00,2025-11-01T12:42:28-07:00,4,69
global.js,119,js,5dc8a07f,Ankita Inamti,2025-11-01,12:42:28,-07:00,2025-11-01T12:42:28-07:00,3,4
global.js,120,js,0f240842,Ankita Inamti,2025-10-25,12:09:21,-07:00,2025-10-25T12:09:21-07:00,2,0
global.js,121,js,e0e6a12e,Ankita Inamti,2025-10-25,12:35:05,-07:00,2025-10-25T12:35:05-07:00,2,36
global.js,122,js,e0e6a12e,Ankita Inamti,2025-10-25,12:35:05,-07:00,2025-10-25T12:35:05-07:00,1,1
global.js,123,js,0f240842,Ankita Inamti,2025-10-25,12:09:21,-07:00,2025-10-25T12:09:21-07:00,0,0
global.js,124,js,0f240842,Ankita Inamti,2025-10-25,12:09:21,-07:00,2025-10-25T12:09:21-07:00,0,0
global.js,125,js,2687027b,Ankita Inamti,2025-10-25,18:31:45,-07:00,2025-10-25T18:31:45-07:00,0,47
global.js,126,js,2687027b,Ankita Inamti,2025-10-25,18:31:45,-07:00,2025-10-25T18:31:45-07:00,1,59
global.js,127,js,ca426a43,Ankita Inamti,2025-10-25,16:01:47,-07:00,2025-10-25T16:01:47-07:00,0,0
global.js,128,js,396e4786,Ankita Inamti,2025-10-25,10:35:47,-07:00,2025-10-25T10:35:47-07:00,0,0
global.js,129,js,25619ca6,Ankita Inamti,2025-10-17,17:38:54,-07:00,2025-10-17T17:38:54-07:00,0,0
global.js,130,js,1df42fff,Ankita Inamti,2025-10-17,17:29:08,-07:00,2025-10-17T17:29:08-07:00,0,0
global.js,131,js,a3d506e1,Ankita Inamti,2025-10-25,10:58:11,-07:00,2025-10-25T10:58:11-07:00,0,0
global.js,132,js,a3d506e1,Ankita Inamti,2025-10-25,10:58:11,-07:00,2025-10-25T10:58:11-07:00,0,0
global.js,133,js,30e611c8,Ankita Inamti,2025-10-25,12:12:10,-07:00,2025-10-25T12:12:10-07:00,0,0
global.js,134,js,30e611c8,Ankita Inamti,2025-10-25,12:12:10,-07:00,2025-10-25T12:12:10-07:00,0,0
global.js,135,js,2687027b,Ankita Inamti,2025-10-25,18:31:45,-07:00,2025-10-25T18:31:45-07:00,0,0
global.js,136,js,2687027b,Ankita Inamti,2025-10-25,18:31:45,-07:00,2025-10-25T18:31:45-07:00,0,0
global.js,137,js,2687027b,Ankita Inamti,2025-10-25,18:31:45,-07:00,2025-10-25T18:31:45-07:00,0,0
global.js,138,js,2687027b,Ankita Inamti,2025-10-25,18:31:45,-07:00,2025-10-25T18:31:45-07:00,0,0
resume/index.html,1,html,c861c328,Ankita Inamti,2025-10-01,13:47:26,-07:00,2025-10-01T13:47:26-07:00,0,13
resume/index.html,2,html,c861c328,Ankita Inamti,2025-10-01,13:47:26,-07:00,2025-10-01T13:47:26-07:00,0,14
resume/index.html,3,html,c861c328,Ankita Inamti,2025-10-01,13:47:26,-07:00,2025-10-01T13:47:26-07:00,0,4
resume/index.html,4,html,c861c328,Ankita Inamti,2025-10-01,13:47:26,-07:00,2025-10-01T13:47:26-07:00,2,20
resume/index.html,5,html,c861c328,Ankita Inamti,2025-10-01,13:47:26,-07:00,2025-10-01T13:47:26-07:00,2,68
resume/index.html,6,html,c861c328,Ankita Inamti,2025-10-01,13:47:26,-07:00,2025-10-01T13:47:26-07:00,2,19
resume/index.html,7,html,b76621c3,Ankita Inamti,2025-10-10,01:06:00,-07:00,2025-10-10T01:06:00-07:00,2,41
resume/index.html,8,html,80caf472,Ankita Inamti,2025-10-10,00:55:32,-07:00,2025-10-10T00:55:32-07:00,0,5
resume/index.html,9,html,80caf472,Ankita Inamti,2025-10-10,00:55:32,-07:00,2025-10-10T00:55:32-07:00,0,4
resume/index.html,10,html,b76621c3,Ankita Inamti,2025-10-10,01:06:00,-07:00,2025-10-10T01:06:00-07:00,0,0
resume/index.html,11,html,b76621c3,Ankita Inamti,2025-10-10,01:06:00,-07:00,2025-10-10T01:06:00-07:00,1,13
resume/index.html,12,html,eb02a9e4,Ankita Inamti,2025-10-01,14:03:01,-07:00,2025-10-01T14:03:01-07:00,2,4
resume/index.html,13,html,74f4cb31,Ankita Inamti,2025-10-01,14:19:16,-07:00,2025-10-01T14:19:16-07:00,2,20
resume/index.html,14,html,eb02a9e4,Ankita Inamti,2025-10-01,14:03:01,-07:00,2025-10-01T14:03:01-07:00,0,0
resume/index.html,15,html,eb02a9e4,Ankita Inamti,2025-10-01,14:03:01,-07:00,2025-10-01T14:03:01-07:00,2,7
resume/index.html,16,html,eb02a9e4,Ankita Inamti,2025-10-01,14:03:01,-07:00,2025-10-01T14:03:01-07:00,3,6
resume/index.html,17,html,eb02a9e4,Ankita Inamti,2025-10-01,14:03:01,-07:00,2025-10-01T14:03:01-07:00,4,26
resume/index.html,18,html,eb02a9e4,Ankita Inamti,2025-10-01,14:03:01,-07:00,2025-10-01T14:03:01-07:00,3,7
resume/index.html,19,html,74f4cb31,Ankita Inamti,2025-10-01,14:19:16,-07:00,2025-10-01T14:19:16-07:00,3,70
resume/index.html,20,html,eb02a9e4,Ankita Inamti,2025-10-01,14:03:01,-07:00,2025-10-01T14:03:01-07:00,3,26
resume/index.html,21,html,74f4cb31,Ankita Inamti,2025-10-01,14:19:16,-07:00,2025-10-01T14:19:16-07:00,3,36
resume/index.html,22,html,eb02a9e4,Ankita Inamti,2025-10-01,14:03:01,-07:00,2025-10-01T14:03:01-07:00,2,8
resume/index.html,23,html,eb02a9e4,Ankita Inamti,2025-10-01,14:03:01,-07:00,2025-10-01T14:03:01-07:00,0,0
resume/index.html,24,html,eb02a9e4,Ankita Inamti,2025-10-01,14:03:01,-07:00,2025-10-01T14:03:01-07:00,2,7
resume/index.html,25,html,eb02a9e4,Ankita Inamti,2025-10-01,14:03:01,-07:00,2025-10-01T14:03:01-07:00,3,6
resume/index.html,26,html,74f4cb31,Ankita Inamti,2025-10-01,14:19:16,-07:00,2025-10-01T14:19:16-07:00,4,39
resume/index.html,27,html,eb02a9e4,Ankita Inamti,2025-10-01,14:03:01,-07:00,2025-10-01T14:03:01-07:00,3,7
resume/index.html,28,html,eb02a9e4,Ankita Inamti,2025-10-01,14:03:01,-07:00,2025-10-01T14:03:01-07:00,0,0
resume/index.html,29,html,eb02a9e4,Ankita Inamti,2025-10-01,14:03:01,-07:00,2025-10-01T14:03:01-07:00,3,7
resume/index.html,30,html,74f4cb31,Ankita Inamti,2025-10-01,14:19:16,-07:00,2025-10-01T14:19:16-07:00,4,38
resume/index.html,31,html,74f4cb31,Ankita Inamti,2025-10-01,14:19:16,-07:00,2025-10-01T14:19:16-07:00,4,92
resume/index.html,32,html,eb02a9e4,Ankita Inamti,2025-10-01,14:03:01,-07:00,2025-10-01T14:03:01-07:00,4,2
resume/index.html,33,html,74f4cb31,Ankita Inamti,2025-10-01,14:19:16,-07:00,2025-10-01T14:19:16-07:00,5,111
resume/index.html,34,html,74f4cb31,Ankita Inamti,2025-10-01,14:19:16,-07:00,2025-10-01T14:19:16-07:00,0,46
resume/index.html,35,html,74f4cb31,Ankita Inamti,2025-10-01,14:19:16,-07:00,2025-10-01T14:19:16-07:00,5,113
resume/index.html,36,html,ddd755df,Ankita Inamti,2025-10-01,14:24:36,-07:00,2025-10-01T14:24:36-07:00,0,41
resume/index.html,37,html,ddd755df,Ankita Inamti,2025-10-01,14:24:36,-07:00,2025-10-01T14:24:36-07:00,6,106
resume/index.html,38,html,ddd755df,Ankita Inamti,2025-10-01,14:24:36,-07:00,2025-10-01T14:24:36-07:00,0,36
resume/index.html,39,html,ddd755df,Ankita Inamti,2025-10-01,14:24:36,-07:00,2025-10-01T14:24:36-07:00,4,3
resume/index.html,40,html,ddd755df,Ankita Inamti,2025-10-01,14:24:36,-07:00,2025-10-01T14:24:36-07:00,3,8
resume/index.html,41,html,ddd755df,Ankita Inamti,2025-10-01,14:24:36,-07:00,2025-10-01T14:24:36-07:00,0,0
resume/index.html,42,html,ddd755df,Ankita Inamti,2025-10-01,14:24:36,-07:00,2025-10-01T14:24:36-07:00,3,7
resume/index.html,43,html,ddd755df,Ankita Inamti,2025-10-01,14:24:36,-07:00,2025-10-01T14:24:36-07:00,4,30
resume/index.html,44,html,ddd755df,Ankita Inamti,2025-10-01,14:24:36,-07:00,2025-10-01T14:24:36-07:00,4,47
resume/index.html,45,html,ddd755df,Ankita Inamti,2025-10-01,14:24:36,-07:00,2025-10-01T14:24:36-07:00,4,2
resume/index.html,46,html,ddd755df,Ankita Inamti,2025-10-01,14:24:36,-07:00,2025-10-01T14:24:36-07:00,5,126
resume/index.html,47,html,ddd755df,Ankita Inamti,2025-10-01,14:24:36,-07:00,2025-10-01T14:24:36-07:00,5,179
resume/index.html,48,html,ddd755df,Ankita Inamti,2025-10-01,14:24:36,-07:00,2025-10-01T14:24:36-07:00,5,76
resume/index.html,49,html,eb02a9e4,Ankita Inamti,2025-10-01,14:03:01,-07:00,2025-10-01T14:03:01-07:00,4,3
resume/index.html,50,html,eb02a9e4,Ankita Inamti,2025-10-01,14:03:01,-07:00,2025-10-01T14:03:01-07:00,3,8
resume/index.html,51,html,eb02a9e4,Ankita Inamti,2025-10-01,14:03:01,-07:00,2025-10-01T14:03:01-07:00,0,0
resume/index.html,52,html,eb02a9e4,Ankita Inamti,2025-10-01,14:03:01,-07:00,2025-10-01T14:03:01-07:00,3,7
resume/index.html,53,html,74f4cb31,Ankita Inamti,2025-10-01,14:19:16,-07:00,2025-10-01T14:19:16-07:00,4,37
resume/index.html,54,html,74f4cb31,Ankita Inamti,2025-10-01,14:19:16,-07:00,2025-10-01T14:19:16-07:00,4,92
resume/index.html,55,html,eb02a9e4,Ankita Inamti,2025-10-01,14:03:01,-07:00,2025-10-01T14:03:01-07:00,4,2
resume/index.html,56,html,74f4cb31,Ankita Inamti,2025-10-01,14:19:16,-07:00,2025-10-01T14:19:16-07:00,5,76
resume/index.html,57,html,74f4cb31,Ankita Inamti,2025-10-01,14:19:16,-07:00,2025-10-01T14:19:16-07:00,5,112
resume/index.html,58,html,ddd755df,Ankita Inamti,2025-10-01,14:24:36,-07:00,2025-10-01T14:24:36-07:00,5,101
resume/index.html,59,html,ddd755df,Ankita Inamti,2025-10-01,14:24:36,-07:00,2025-10-01T14:24:36-07:00,5,71
resume/index.html,60,html,74f4cb31,Ankita Inamti,2025-10-01,14:19:16,-07:00,2025-10-01T14:19:16-07:00,5,113
resume/index.html,61,html,eb02a9e4,Ankita Inamti,2025-10-01,14:03:01,-07:00,2025-10-01T14:03:01-07:00,4,3
resume/index.html,62,html,eb02a9e4,Ankita Inamti,2025-10-01,14:03:01,-07:00,2025-10-01T14:03:01-07:00,3,8
resume/index.html,63,html,eb02a9e4,Ankita Inamti,2025-10-01,14:03:01,-07:00,2025-10-01T14:03:01-07:00,2,8
resume/index.html,64,html,eb02a9e4,Ankita Inamti,2025-10-01,14:03:01,-07:00,2025-10-01T14:03:01-07:00,0,0
resume/index.html,65,html,eb02a9e4,Ankita Inamti,2025-10-01,14:03:01,-07:00,2025-10-01T14:03:01-07:00,2,7
resume/index.html,66,html,eb02a9e4,Ankita Inamti,2025-10-01,14:03:01,-07:00,2025-10-01T14:03:01-07:00,3,6
resume/index.html,67,html,eb02a9e4,Ankita Inamti,2025-10-01,14:03:01,-07:00,2025-10-01T14:03:01-07:00,4,16
resume/index.html,68,html,eb02a9e4,Ankita Inamti,2025-10-01,14:03:01,-07:00,2025-10-01T14:03:01-07:00,3,7
resume/index.html,69,html,eb02a9e4,Ankita Inamti,2025-10-01,14:03:01,-07:00,2025-10-01T14:03:01-07:00,0,0
resume/index.html,70,html,eb02a9e4,Ankita Inamti,2025-10-01,14:03:01,-07:00,2025-10-01T14:03:01-07:00,3,7
resume/index.html,71,html,ddd755df,Ankita Inamti,2025-10-01,14:24:36,-07:00,2025-10-01T14:24:36-07:00,4,93
resume/index.html,72,html,e7e7590f,Ankita Inamti,2025-10-10,01:10:32,-07:00,2025-10-10T01:10:32-07:00,4,95
resume/index.html,73,html,eb02a9e4,Ankita Inamti,2025-10-01,14:03:01,-07:00,2025-10-01T14:03:01-07:00,3,8
resume/index.html,74,html,eb02a9e4,Ankita Inamti,2025-10-01,14:03:01,-07:00,2025-10-01T14:03:01-07:00,2,8
resume/index.html,75,html,eb02a9e4,Ankita Inamti,2025-10-01,14:03:01,-07:00,2025-10-01T14:03:01-07:00,0,0
resume/index.html,76,html,eb02a9e4,Ankita Inamti,2025-10-01,14:03:01,-07:00,2025-10-01T14:03:01-07:00,2,7
resume/index.html,77,html,eb02a9e4,Ankita Inamti,2025-10-01,14:03:01,-07:00,2025-10-01T14:03:01-07:00,3,6
resume/index.html,78,html,eb02a9e4,Ankita Inamti,2025-10-01,14:03:01,-07:00,2025-10-01T14:03:01-07:00,4,13
resume/index.html,79,html,eb02a9e4,Ankita Inamti,2025-10-01,14:03:01,-07:00,2025-10-01T14:03:01-07:00,3,7
resume/index.html,80,html,eb02a9e4,Ankita Inamti,2025-10-01,14:03:01,-07:00,2025-10-01T14:03:01-07:00,3,2
resume/index.html,81,html,74f4cb31,Ankita Inamti,2025-10-01,14:19:16,-07:00,2025-10-01T14:19:16-07:00,4,24
resume/index.html,82,html,eb02a9e4,Ankita Inamti,2025-10-01,14:03:01,-07:00,2025-10-01T14:03:01-07:00,4,19
resume/index.html,83,html,eb02a9e4,Ankita Inamti,2025-10-01,14:03:01,-07:00,2025-10-01T14:03:01-07:00,3,3
resume/index.html,84,html,eb02a9e4,Ankita Inamti,2025-10-01,14:03:01,-07:00,2025-10-01T14:03:01-07:00,2,8
resume/index.html,85,html,eb02a9e4,Ankita Inamti,2025-10-01,14:03:01,-07:00,2025-10-01T14:03:01-07:00,0,0
resume/index.html,86,html,eb02a9e4,Ankita Inamti,2025-10-01,14:03:01,-07:00,2025-10-01T14:03:01-07:00,1,5
resume/index.html,87,html,8c07d6ac,Ankita Inamti,2025-10-17,13:06:24,-07:00,2025-10-17T13:06:24-07:00,0,0
resume/index.html,88,html,98e2a09d,Ankita Inamti,2025-10-17,14:52:27,-07:00,2025-10-17T14:52:27-07:00,1,48
resume/index.html,89,html,1aa9942a,Ankita Inamti,2025-10-01,13:50:26,-07:00,2025-10-01T13:50:26-07:00,2,0
resume/index.html,90,html,c861c328,Ankita Inamti,2025-10-01,13:47:26,-07:00,2025-10-01T13:47:26-07:00,0,5
resume/index.html,91,html,c861c328,Ankita Inamti,2025-10-01,13:47:26,-07:00,2025-10-01T13:47:26-07:00,0,5
projects/projects.js,1,js,fc0c7c91,Ankita Inamti,2025-10-25,11:30:39,-07:00,2025-10-25T11:30:39-07:00,0,55
projects/projects.js,2,js,88bf525f,Ankita Inamti,2025-11-01,13:13:41,-07:00,2025-11-01T13:13:41-07:00,0,63
projects/projects.js,3,js,88bf525f,Ankita Inamti,2025-11-01,13:13:41,-07:00,2025-11-01T13:13:41-07:00,0,0
projects/projects.js,4,js,e0e6a12e,Ankita Inamti,2025-10-25,12:35:05,-07:00,2025-10-25T12:35:05-07:00,0,55
projects/projects.js,5,js,e0e6a12e,Ankita Inamti,2025-10-25,12:35:05,-07:00,2025-10-25T12:35:05-07:00,0,60
projects/projects.js,6,js,992e1f3e,Ankita Inamti,2025-10-25,13:32:59,-07:00,2025-10-25T13:32:59-07:00,0,62
projects/projects.js,7,js,992e1f3e,Ankita Inamti,2025-10-25,13:32:59,-07:00,2025-10-25T13:32:59-07:00,0,58
projects/projects.js,8,js,992e1f3e,Ankita Inamti,2025-10-25,13:32:59,-07:00,2025-10-25T13:32:59-07:00,0,0
projects/projects.js,9,js,d8938d8a,Ankita Inamti,2025-10-25,13:04:10,-07:00,2025-10-25T13:04:10-07:00,0,48
projects/projects.js,10,js,d8938d8a,Ankita Inamti,2025-10-25,13:04:10,-07:00,2025-10-25T13:04:10-07:00,0,0
projects/projects.js,11,js,f3f254b3,Ankita Inamti,2025-11-01,14:52:38,-07:00,2025-11-01T14:52:38-07:00,0,26
projects/projects.js,12,js,f3f254b3,Ankita Inamti,2025-11-01,14:52:38,-07:00,2025-11-01T14:52:38-07:00,1,7
projects/projects.js,13,js,f3f254b3,Ankita Inamti,2025-11-01,14:52:38,-07:00,2025-11-01T14:52:38-07:00,1,14
projects/projects.js,14,js,f3f254b3,Ankita Inamti,2025-11-01,14:52:38,-07:00,2025-11-01T14:52:38-07:00,1,12
projects/projects.js,15,js,f3f254b3,Ankita Inamti,2025-11-01,14:52:38,-07:00,2025-11-01T14:52:38-07:00,0,0
projects/projects.js,16,js,f3f254b3,Ankita Inamti,2025-11-01,14:52:38,-07:00,2025-11-01T14:52:38-07:00,0,0
projects/projects.js,17,js,f3f254b3,Ankita Inamti,2025-11-01,14:52:38,-07:00,2025-11-01T14:52:38-07:00,0,44
projects/projects.js,18,js,f3f254b3,Ankita Inamti,2025-11-01,14:52:38,-07:00,2025-11-01T14:52:38-07:00,1,35
projects/projects.js,19,js,f3f254b3,Ankita Inamti,2025-11-01,14:52:38,-07:00,2025-11-01T14:52:38-07:00,0,1
projects/projects.js,20,js,dd67f179,Ankita Inamti,2025-11-01,14:36:59,-07:00,2025-11-01T14:36:59-07:00,0,0
projects/projects.js,21,js,dd67f179,Ankita Inamti,2025-11-01,14:36:59,-07:00,2025-11-01T14:36:59-07:00,0,47
projects/projects.js,22,js,dd67f179,Ankita Inamti,2025-11-01,14:36:59,-07:00,2025-11-01T14:36:59-07:00,0,0
projects/projects.js,23,js,dd67f179,Ankita Inamti,2025-11-01,14:36:59,-07:00,2025-11-01T14:36:59-07:00,0,48
projects/projects.js,24,js,ad486ec4,Ankita Inamti,2025-11-01,14:14:33,-07:00,2025-11-01T14:14:33-07:00,0,33
projects/projects.js,25,js,1f4308d1,Ankita Inamti,2025-11-01,13:56:04,-07:00,2025-11-01T13:56:04-07:00,0,0
projects/projects.js,26,js,dd67f179,Ankita Inamti,2025-11-01,14:36:59,-07:00,2025-11-01T14:36:59-07:00,0,57
projects/projects.js,27,js,0b101970,Ankita Inamti,2025-11-01,14:54:14,-07:00,2025-11-01T14:54:14-07:00,0,13
projects/projects.js,28,js,bf1eec25,Ankita Inamti,2025-11-01,15:26:59,-07:00,2025-11-01T15:26:59-07:00,0,21
projects/projects.js,29,js,bf1eec25,Ankita Inamti,2025-11-01,15:26:59,-07:00,2025-11-01T15:26:59-07:00,0,0
projects/projects.js,30,js,9679fee1,Ankita Inamti,2025-11-01,15:12:02,-07:00,2025-11-01T15:12:02-07:00,0,38
projects/projects.js,31,js,9679fee1,Ankita Inamti,2025-11-01,15:12:02,-07:00,2025-11-01T15:12:02-07:00,1,32
projects/projects.js,32,js,9679fee1,Ankita Inamti,2025-11-01,15:12:02,-07:00,2025-11-01T15:12:02-07:00,1,42
projects/projects.js,33,js,9679fee1,Ankita Inamti,2025-11-01,15:12:02,-07:00,2025-11-01T15:12:02-07:00,0,0
projects/projects.js,34,js,9679fee1,Ankita Inamti,2025-11-01,15:12:02,-07:00,2025-11-01T15:12:02-07:00,1,29
projects/projects.js,35,js,9679fee1,Ankita Inamti,2025-11-01,15:12:02,-07:00,2025-11-01T15:12:02-07:00,0,0
projects/projects.js,36,js,9679fee1,Ankita Inamti,2025-11-01,15:12:02,-07:00,2025-11-01T15:12:02-07:00,1,34
projects/projects.js,37,js,9679fee1,Ankita Inamti,2025-11-01,15:12:02,-07:00,2025-11-01T15:12:02-07:00,1,30
projects/projects.js,38,js,9679fee1,Ankita Inamti,2025-11-01,15:12:02,-07:00,2025-11-01T15:12:02-07:00,0,0
projects/projects.js,39,js,9679fee1,Ankita Inamti,2025-11-01,15:12:02,-07:00,2025-11-01T15:12:02-07:00,1,24
projects/projects.js,40,js,9679fee1,Ankita Inamti,2025-11-01,15:12:02,-07:00,2025-11-01T15:12:02-07:00,1,28
projects/projects.js,41,js,9679fee1,Ankita Inamti,2025-11-01,15:12:02,-07:00,2025-11-01T15:12:02-07:00,2,12
projects/projects.js,42,js,9679fee1,Ankita Inamti,2025-11-01,15:12:02,-07:00,2025-11-01T15:12:02-07:00,2,12
projects/projects.js,43,js,9679fee1,Ankita Inamti,2025-11-01,15:12:02,-07:00,2025-11-01T15:12:02-07:00,2,9
projects/projects.js,44,js,9679fee1,Ankita Inamti,2025-11-01,15:12:02,-07:00,2025-11-01T15:12:02-07:00,1,0
projects/projects.js,45,js,9679fee1,Ankita Inamti,2025-11-01,15:12:02,-07:00,2025-11-01T15:12:02-07:00,0,0
projects/projects.js,46,js,9679fee1,Ankita Inamti,2025-11-01,15:12:02,-07:00,2025-11-01T15:12:02-07:00,1,35
projects/projects.js,47,js,9679fee1,Ankita Inamti,2025-11-01,15:12:02,-07:00,2025-11-01T15:12:02-07:00,1,78
projects/projects.js,48,js,9679fee1,Ankita Inamti,2025-11-01,15:12:02,-07:00,2025-11-01T15:12:02-07:00,0,0
projects/projects.js,49,js,9679fee1,Ankita Inamti,2025-11-01,15:12:02,-07:00,2025-11-01T15:12:02-07:00,1,56
projects/projects.js,50,js,9679fee1,Ankita Inamti,2025-11-01,15:12:02,-07:00,2025-11-01T15:12:02-07:00,0,0
projects/projects.js,51,js,9679fee1,Ankita Inamti,2025-11-01,15:12:02,-07:00,2025-11-01T15:12:02-07:00,1,12
projects/projects.js,52,js,9679fee1,Ankita Inamti,2025-11-01,15:12:02,-07:00,2025-11-01T15:12:02-07:00,1,49
projects/projects.js,53,js,9679fee1,Ankita Inamti,2025-11-01,15:12:02,-07:00,2025-11-01T15:12:02-07:00,0,0
projects/projects.js,54,js,9679fee1,Ankita Inamti,2025-11-01,15:12:02,-07:00,2025-11-01T15:12:02-07:00,1,16
projects/projects.js,55,js,9679fee1,Ankita Inamti,2025-11-01,15:12:02,-07:00,2025-11-01T15:12:02-07:00,1,50
projects/projects.js,56,js,9679fee1,Ankita Inamti,2025-11-01,15:12:02,-07:00,2025-11-01T15:12:02-07:00,1,35
projects/projects.js,57,js,9679fee1,Ankita Inamti,2025-11-01,15:12:02,-07:00,2025-11-01T15:12:02-07:00,1,59
projects/projects.js,58,js,9679fee1,Ankita Inamti,2025-11-01,15:12:02,-07:00,2025-11-01T15:12:02-07:00,0,0
projects/projects.js,59,js,9679fee1,Ankita Inamti,2025-11-01,15:12:02,-07:00,2025-11-01T15:12:02-07:00,1,27
projects/projects.js,60,js,1d3d4b13,Ankita Inamti,2025-11-01,15:36:35,-07:00,2025-11-01T15:36:35-07:00,1,16
projects/projects.js,61,js,638e70fb,Ankita Inamti,2025-11-01,15:42:20,-07:00,2025-11-01T15:42:20-07:00,2,25
projects/projects.js,62,js,638e70fb,Ankita Inamti,2025-11-01,15:42:20,-07:00,2025-11-01T15:42:20-07:00,2,24
projects/projects.js,63,js,638e70fb,Ankita Inamti,2025-11-01,15:42:20,-07:00,2025-11-01T15:42:20-07:00,2,53
projects/projects.js,64,js,1d3d4b13,Ankita Inamti,2025-11-01,15:36:35,-07:00,2025-11-01T15:36:35-07:00,2,18
projects/projects.js,65,js,638e70fb,Ankita Inamti,2025-11-01,15:42:20,-07:00,2025-11-01T15:42:20-07:00,3,47
projects/projects.js,66,js,1d3d4b13,Ankita Inamti,2025-11-01,15:36:35,-07:00,2025-11-01T15:36:35-07:00,0,0
projects/projects.js,67,js,638e70fb,Ankita Inamti,2025-11-01,15:42:20,-07:00,2025-11-01T15:42:20-07:00,3,14
projects/projects.js,68,js,1d3d4b13,Ankita Inamti,2025-11-01,15:36:35,-07:00,2025-11-01T15:36:35-07:00,3,19
projects/projects.js,69,js,638e70fb,Ankita Inamti,2025-11-01,15:42:20,-07:00,2025-11-01T15:42:20-07:00,4,62
projects/projects.js,70,js,1d3d4b13,Ankita Inamti,2025-11-01,15:36:35,-07:00,2025-11-01T15:36:35-07:00,0,0
projects/projects.js,71,js,638e70fb,Ankita Inamti,2025-11-01,15:42:20,-07:00,2025-11-01T15:42:20-07:00,3,14
projects/projects.js,72,js,1d3d4b13,Ankita Inamti,2025-11-01,15:36:35,-07:00,2025-11-01T15:36:35-07:00,3,20
projects/projects.js,73,js,638e70fb,Ankita Inamti,2025-11-01,15:42:20,-07:00,2025-11-01T15:42:20-07:00,4,85
projects/projects.js,74,js,638e70fb,Ankita Inamti,2025-11-01,15:42:20,-07:00,2025-11-01T15:42:20-07:00,0,0
projects/projects.js,75,js,638e70fb,Ankita Inamti,2025-11-01,15:42:20,-07:00,2025-11-01T15:42:20-07:00,3,49
projects/projects.js,76,js,638e70fb,Ankita Inamti,2025-11-01,15:42:20,-07:00,2025-11-01T15:42:20-07:00,3,43
projects/projects.js,77,js,638e70fb,Ankita Inamti,2025-11-01,15:42:20,-07:00,2025-11-01T15:42:20-07:00,4,58
projects/projects.js,78,js,638e70fb,Ankita Inamti,2025-11-01,15:42:20,-07:00,2025-11-01T15:42:20-07:00,4,9
projects/projects.js,79,js,638e70fb,Ankita Inamti,2025-11-01,15:42:20,-07:00,2025-11-01T15:42:20-07:00,0,0
projects/projects.js,80,js,638e70fb,Ankita Inamti,2025-11-01,15:42:20,-07:00,2025-11-01T15:42:20-07:00,3,56
projects/projects.js,81,js,1d3d4b13,Ankita Inamti,2025-11-01,15:36:35,-07:00,2025-11-01T15:36:35-07:00,2,1
projects/projects.js,82,js,1d3d4b13,Ankita Inamti,2025-11-01,15:36:35,-07:00,2025-11-01T15:36:35-07:00,0,1
projects/projects.js,83,js,1d3d4b13,Ankita Inamti,2025-11-01,15:36:35,-07:00,2025-11-01T15:36:35-07:00,0,0
projects/projects.js,84,js,638e70fb,Ankita Inamti,2025-11-01,15:42:20,-07:00,2025-11-01T15:42:20-07:00,0,24
projects/projects.js,85,js,638e70fb,Ankita Inamti,2025-11-01,15:42:20,-07:00,2025-11-01T15:42:20-07:00,1,17
projects/projects.js,86,js,638e70fb,Ankita Inamti,2025-11-01,15:42:20,-07:00,2025-11-01T15:42:20-07:00,2,27
projects/projects.js,87,js,638e70fb,Ankita Inamti,2025-11-01,15:42:20,-07:00,2025-11-01T15:42:20-07:00,2,38
projects/projects.js,88,js,638e70fb,Ankita Inamti,2025-11-01,15:42:20,-07:00,2025-11-01T15:42:20-07:00,2,68
projects/projects.js,89,js,638e70fb,Ankita Inamti,2025-11-01,15:42:20,-07:00,2025-11-01T15:42:20-07:00,2,18
projects/projects.js,90,js,638e70fb,Ankita Inamti,2025-11-01,15:42:20,-07:00,2025-11-01T15:42:20-07:00,3,47
projects/projects.js,91,js,638e70fb,Ankita Inamti,2025-11-01,15:42:20,-07:00,2025-11-01T15:42:20-07:00,0,0
projects/projects.js,92,js,638e70fb,Ankita Inamti,2025-11-01,15:42:20,-07:00,2025-11-01T15:42:20-07:00,3,19
projects/projects.js,93,js,638e70fb,Ankita Inamti,2025-11-01,15:42:20,-07:00,2025-11-01T15:42:20-07:00,4,62
projects/projects.js,94,js,638e70fb,Ankita Inamti,2025-11-01,15:42:20,-07:00,2025-11-01T15:42:20-07:00,0,0
projects/projects.js,95,js,638e70fb,Ankita Inamti,2025-11-01,15:42:20,-07:00,2025-11-01T15:42:20-07:00,3,20
projects/projects.js,96,js,638e70fb,Ankita Inamti,2025-11-01,15:42:20,-07:00,2025-11-01T15:42:20-07:00,4,85
projects/projects.js,97,js,638e70fb,Ankita Inamti,2025-11-01,15:42:20,-07:00,2025-11-01T15:42:20-07:00,0,0
projects/projects.js,98,js,638e70fb,Ankita Inamti,2025-11-01,15:42:20,-07:00,2025-11-01T15:42:20-07:00,3,43
projects/projects.js,99,js,638e70fb,Ankita Inamti,2025-11-01,15:42:20,-07:00,2025-11-01T15:42:20-07:00,4,58
projects/projects.js,100,js,638e70fb,Ankita Inamti,2025-11-01,15:42:20,-07:00,2025-11-01T15:42:20-07:00,4,9
projects/projects.js,101,js,638e70fb,Ankita Inamti,2025-11-01,15:42:20,-07:00,2025-11-01T15:42:20-07:00,0,0
projects/projects.js,102,js,638e70fb,Ankita Inamti,2025-11-01,15:42:20,-07:00,2025-11-01T15:42:20-07:00,3,56
projects/projects.js,103,js,638e70fb,Ankita Inamti,2025-11-01,15:42:20,-07:00,2025-11-01T15:42:20-07:00,2,1
projects/projects.js,104,js,638e70fb,Ankita Inamti,2025-11-01,15:42:20,-07:00,2025-11-01T15:42:20-07:00,0,1
projects/projects.js,105,js,9679fee1,Ankita Inamti,2025-11-01,15:12:02,-07:00,2025-11-01T15:12:02-07:00,0,0
projects/projects.js,106,js,9679fee1,Ankita Inamti,2025-11-01,15:12:02,-07:00,2025-11-01T15:12:02-07:00,0,0
projects/projects.js,107,js,9679fee1,Ankita Inamti,2025-11-01,15:12:02,-07:00,2025-11-01T15:12:02-07:00,0,23
projects/projects.js,108,js,9679fee1,Ankita Inamti,2025-11-01,15:12:02,-07:00,2025-11-01T15:12:02-07:00,0,0
projects/projects.js,109,js,9679fee1,Ankita Inamti,2025-11-01,15:12:02,-07:00,2025-11-01T15:12:02-07:00,0,0
projects/projects.js,110,js,9679fee1,Ankita Inamti,2025-11-01,15:12:02,-07:00,2025-11-01T15:12:02-07:00,0,53
projects/projects.js,111,js,9679fee1,Ankita Inamti,2025-11-01,15:12:02,-07:00,2025-11-01T15:12:02-07:00,0,48
projects/projects.js,112,js,9679fee1,Ankita Inamti,2025-11-01,15:12:02,-07:00,2025-11-01T15:12:02-07:00,1,45
projects/projects.js,113,js,9679fee1,Ankita Inamti,2025-11-01,15:12:02,-07:00,2025-11-01T15:12:02-07:00,0,0
projects/projects.js,114,js,9679fee1,Ankita Inamti,2025-11-01,15:12:02,-07:00,2025-11-01T15:12:02-07:00,1,49
projects/projects.js,115,js,9679fee1,Ankita Inamti,2025-11-01,15:12:02,-07:00,2025-11-01T15:12:02-07:00,2,60
projects/projects.js,116,js,9679fee1,Ankita Inamti,2025-11-01,15:12:02,-07:00,2025-11-01T15:12:02-07:00,1,0
projects/projects.js,117,js,9679fee1,Ankita Inamti,2025-11-01,15:12:02,-07:00,2025-11-01T15:12:02-07:00,0,0
projects/projects.js,118,js,9679fee1,Ankita Inamti,2025-11-01,15:12:02,-07:00,2025-11-01T15:12:02-07:00,1,20
projects/projects.js,119,js,29b3199a,Ankita Inamti,2025-11-01,15:02:37,-07:00,2025-11-01T15:02:37-07:00,1,56
projects/projects.js,120,js,29b3199a,Ankita Inamti,2025-11-01,15:02:37,-07:00,2025-11-01T15:02:37-07:00,0,0
projects/projects.js,121,js,9679fee1,Ankita Inamti,2025-11-01,15:12:02,-07:00,2025-11-01T15:12:02-07:00,1,28
projects/projects.js,122,js,9679fee1,Ankita Inamti,2025-11-01,15:12:02,-07:00,2025-11-01T15:12:02-07:00,1,31
projects/projects.js,123,js,9679fee1,Ankita Inamti,2025-11-01,15:12:02,-07:00,2025-11-01T15:12:02-07:00,0,1
projects/projects.js,124,js,f3f254b3,Ankita Inamti,2025-11-01,14:52:38,-07:00,2025-11-01T14:52:38-07:00,0,0
projects/index.html,1,html,c4620648,Ankita Inamti,2025-09-30,16:50:42,-07:00,2025-09-30T16:50:42-07:00,0,13
projects/index.html,2,html,c4620648,Ankita Inamti,2025-09-30,16:50:42,-07:00,2025-09-30T16:50:42-07:00,0,14
projects/index.html,3,html,c4620648,Ankita Inamti,2025-09-30,16:50:42,-07:00,2025-09-30T16:50:42-07:00,0,4
projects/index.html,4,html,c4620648,Ankita Inamti,2025-09-30,16:50:42,-07:00,2025-09-30T16:50:42-07:00,2,20
projects/index.html,5,html,c4620648,Ankita Inamti,2025-09-30,16:50:42,-07:00,2025-09-30T16:50:42-07:00,2,68
projects/index.html,6,html,c4620648,Ankita Inamti,2025-09-30,16:50:42,-07:00,2025-09-30T16:50:42-07:00,2,21
projects/index.html,7,html,b76621c3,Ankita Inamti,2025-10-10,01:06:00,-07:00,2025-10-10T01:06:00-07:00,2,41
projects/index.html,8,html,80caf472,Ankita Inamti,2025-10-10,00:55:32,-07:00,2025-10-10T00:55:32-07:00,0,5
projects/index.html,9,html,80caf472,Ankita Inamti,2025-10-10,00:55:32,-07:00,2025-10-10T00:55:32-07:00,0,4
projects/index.html,10,html,9fd085c7,Ankita Inamti,2025-10-25,13:07:40,-07:00,2025-10-25T13:07:40-07:00,0,0
projects/index.html,11,html,992e1f3e,Ankita Inamti,2025-10-25,13:32:59,-07:00,2025-10-25T13:32:59-07:00,1,38
projects/index.html,12,html,86635209,Ankita Inamti,2025-11-01,14:46:39,-07:00,2025-11-01T14:46:39-07:00,1,32
projects/index.html,13,html,88bf525f,Ankita Inamti,2025-11-01,13:13:41,-07:00,2025-11-01T13:13:41-07:00,1,58
projects/index.html,14,html,428e7a11,Ankita Inamti,2025-11-01,14:39:45,-07:00,2025-11-01T14:39:45-07:00,1,22
projects/index.html,15,html,972dfc52,Ankita Inamti,2025-11-01,14:45:18,-07:00,2025-11-01T14:45:18-07:00,0,4
projects/index.html,16,html,0b101970,Ankita Inamti,2025-11-01,14:54:14,-07:00,2025-11-01T14:54:14-07:00,0,4
projects/index.html,17,html,0b101970,Ankita Inamti,2025-11-01,14:54:14,-07:00,2025-11-01T14:54:14-07:00,1,15
projects/index.html,18,html,0b101970,Ankita Inamti,2025-11-01,14:54:14,-07:00,2025-11-01T14:54:14-07:00,1,11
projects/index.html,19,html,0b101970,Ankita Inamti,2025-11-01,14:54:14,-07:00,2025-11-01T14:54:14-07:00,1,26
projects/index.html,20,html,0b101970,Ankita Inamti,2025-11-01,14:54:14,-07:00,2025-11-01T14:54:14-07:00,1,31
projects/index.html,21,html,0b101970,Ankita Inamti,2025-11-01,14:54:14,-07:00,2025-11-01T14:54:14-07:00,0,0
projects/index.html,22,html,2028e048,Ankita Inamti,2025-11-01,13:05:18,-07:00,2025-11-01T13:05:18-07:00,1,20
projects/index.html,23,html,767a3a8f,Ankita Inamti,2025-11-01,13:03:23,-07:00,2025-11-01T13:03:23-07:00,0,0
projects/index.html,24,html,13c0c0ab,Ankita Inamti,2025-10-25,12:41:55,-07:00,2025-10-25T12:41:55-07:00,2,12
projects/index.html,25,html,95d90606,Ankita Inamti,2025-10-10,13:35:13,-07:00,2025-10-10T13:35:13-07:00,3,29
projects/index.html,26,html,95d90606,Ankita Inamti,2025-10-10,13:35:13,-07:00,2025-10-10T13:35:13-07:00,3,70
projects/index.html,27,html,95d90606,Ankita Inamti,2025-10-10,13:35:13,-07:00,2025-10-10T13:35:13-07:00,3,224
projects/index.html,28,html,95d90606,Ankita Inamti,2025-10-10,13:35:13,-07:00,2025-10-10T13:35:13-07:00,2,8
projects/index.html,29,html,95d90606,Ankita Inamti,2025-10-10,13:35:13,-07:00,2025-10-10T13:35:13-07:00,2,7
projects/index.html,30,html,95d90606,Ankita Inamti,2025-10-10,13:35:13,-07:00,2025-10-10T13:35:13-07:00,3,34
projects/index.html,31,html,95d90606,Ankita Inamti,2025-10-10,13:35:13,-07:00,2025-10-10T13:35:13-07:00,3,70
projects/index.html,32,html,95d90606,Ankita Inamti,2025-10-10,13:35:13,-07:00,2025-10-10T13:35:13-07:00,3,237
projects/index.html,33,html,95d90606,Ankita Inamti,2025-10-10,13:35:13,-07:00,2025-10-10T13:35:13-07:00,2,8
projects/index.html,34,html,95d90606,Ankita Inamti,2025-10-10,13:35:13,-07:00,2025-10-10T13:35:13-07:00,2,7
projects/index.html,35,html,95d90606,Ankita Inamti,2025-10-10,13:35:13,-07:00,2025-10-10T13:35:13-07:00,3,39
projects/index.html,36,html,95d90606,Ankita Inamti,2025-10-10,13:35:13,-07:00,2025-10-10T13:35:13-07:00,3,70
projects/index.html,37,html,95d90606,Ankita Inamti,2025-10-10,13:35:13,-07:00,2025-10-10T13:35:13-07:00,3,230
projects/index.html,38,html,95d90606,Ankita Inamti,2025-10-10,13:35:13,-07:00,2025-10-10T13:35:13-07:00,2,8
projects/index.html,39,html,95d90606,Ankita Inamti,2025-10-10,13:35:13,-07:00,2025-10-10T13:35:13-07:00,2,7
projects/index.html,40,html,95d90606,Ankita Inamti,2025-10-10,13:35:13,-07:00,2025-10-10T13:35:13-07:00,3,32
projects/index.html,41,html,95d90606,Ankita Inamti,2025-10-10,13:35:13,-07:00,2025-10-10T13:35:13-07:00,3,70
projects/index.html,42,html,95d90606,Ankita Inamti,2025-10-10,13:35:13,-07:00,2025-10-10T13:35:13-07:00,3,235
projects/index.html,43,html,95d90606,Ankita Inamti,2025-10-10,13:35:13,-07:00,2025-10-10T13:35:13-07:00,2,8
projects/index.html,44,html,95d90606,Ankita Inamti,2025-10-10,13:35:13,-07:00,2025-10-10T13:35:13-07:00,2,7
projects/index.html,45,html,95d90606,Ankita Inamti,2025-10-10,13:35:13,-07:00,2025-10-10T13:35:13-07:00,3,40
projects/index.html,46,html,95d90606,Ankita Inamti,2025-10-10,13:35:13,-07:00,2025-10-10T13:35:13-07:00,3,70
projects/index.html,47,html,95d90606,Ankita Inamti,2025-10-10,13:35:13,-07:00,2025-10-10T13:35:13-07:00,3,225
projects/index.html,48,html,95d90606,Ankita Inamti,2025-10-10,13:35:13,-07:00,2025-10-10T13:35:13-07:00,2,8
projects/index.html,49,html,95d90606,Ankita Inamti,2025-10-10,13:35:13,-07:00,2025-10-10T13:35:13-07:00,2,7
projects/index.html,50,html,95d90606,Ankita Inamti,2025-10-10,13:35:13,-07:00,2025-10-10T13:35:13-07:00,3,39
projects/index.html,51,html,95d90606,Ankita Inamti,2025-10-10,13:35:13,-07:00,2025-10-10T13:35:13-07:00,3,70
projects/index.html,52,html,95d90606,Ankita Inamti,2025-10-10,13:35:13,-07:00,2025-10-10T13:35:13-07:00,3,229
projects/index.html,53,html,95d90606,Ankita Inamti,2025-10-10,13:35:13,-07:00,2025-10-10T13:35:13-07:00,2,8
projects/index.html,54,html,95d90606,Ankita Inamti,2025-10-10,13:35:13,-07:00,2025-10-10T13:35:13-07:00,2,7
projects/index.html,55,html,95d90606,Ankita Inamti,2025-10-10,13:35:13,-07:00,2025-10-10T13:35:13-07:00,3,39
projects/index.html,56,html,95d90606,Ankita Inamti,2025-10-10,13:35:13,-07:00,2025-10-10T13:35:13-07:00,3,70
projects/index.html,57,html,95d90606,Ankita Inamti,2025-10-10,13:35:13,-07:00,2025-10-10T13:35:13-07:00,3,232
projects/index.html,58,html,95d90606,Ankita Inamti,2025-10-10,13:35:13,-07:00,2025-10-10T13:35:13-07:00,2,8
projects/index.html,59,html,95d90606,Ankita Inamti,2025-10-10,13:35:13,-07:00,2025-10-10T13:35:13-07:00,2,7
projects/index.html,60,html,95d90606,Ankita Inamti,2025-10-10,13:35:13,-07:00,2025-10-10T13:35:13-07:00,3,46
projects/index.html,61,html,95d90606,Ankita Inamti,2025-10-10,13:35:13,-07:00,2025-10-10T13:35:13-07:00,3,70
projects/index.html,62,html,95d90606,Ankita Inamti,2025-10-10,13:35:13,-07:00,2025-10-10T13:35:13-07:00,3,244
projects/index.html,63,html,95d90606,Ankita Inamti,2025-10-10,13:35:13,-07:00,2025-10-10T13:35:13-07:00,2,8
projects/index.html,64,html,95d90606,Ankita Inamti,2025-10-10,13:35:13,-07:00,2025-10-10T13:35:13-07:00,2,7
projects/index.html,65,html,95d90606,Ankita Inamti,2025-10-10,13:35:13,-07:00,2025-10-10T13:35:13-07:00,3,30
projects/index.html,66,html,95d90606,Ankita Inamti,2025-10-10,13:35:13,-07:00,2025-10-10T13:35:13-07:00,3,70
projects/index.html,67,html,95d90606,Ankita Inamti,2025-10-10,13:35:13,-07:00,2025-10-10T13:35:13-07:00,3,227
projects/index.html,68,html,95d90606,Ankita Inamti,2025-10-10,13:35:13,-07:00,2025-10-10T13:35:13-07:00,2,8
projects/index.html,69,html,95d90606,Ankita Inamti,2025-10-10,13:35:13,-07:00,2025-10-10T13:35:13-07:00,2,7
projects/index.html,70,html,95d90606,Ankita Inamti,2025-10-10,13:35:13,-07:00,2025-10-10T13:35:13-07:00,3,41
projects/index.html,71,html,95d90606,Ankita Inamti,2025-10-10,13:35:13,-07:00,2025-10-10T13:35:13-07:00,3,70
projects/index.html,72,html,95d90606,Ankita Inamti,2025-10-10,13:35:13,-07:00,2025-10-10T13:35:13-07:00,3,230
projects/index.html,73,html,95d90606,Ankita Inamti,2025-10-10,13:35:13,-07:00,2025-10-10T13:35:13-07:00,2,8
projects/index.html,74,html,95d90606,Ankita Inamti,2025-10-10,13:35:13,-07:00,2025-10-10T13:35:13-07:00,2,7
projects/index.html,75,html,95d90606,Ankita Inamti,2025-10-10,13:35:13,-07:00,2025-10-10T13:35:13-07:00,3,33
projects/index.html,76,html,95d90606,Ankita Inamti,2025-10-10,13:35:13,-07:00,2025-10-10T13:35:13-07:00,3,70
projects/index.html,77,html,95d90606,Ankita Inamti,2025-10-10,13:35:13,-07:00,2025-10-10T13:35:13-07:00,3,216
projects/index.html,78,html,95d90606,Ankita Inamti,2025-10-10,13:35:13,-07:00,2025-10-10T13:35:13-07:00,2,8
projects/index.html,79,html,95d90606,Ankita Inamti,2025-10-10,13:35:13,-07:00,2025-10-10T13:35:13-07:00,2,7
projects/index.html,80,html,95d90606,Ankita Inamti,2025-10-10,13:35:13,-07:00,2025-10-10T13:35:13-07:00,3,39
projects/index.html,81,html,95d90606,Ankita Inamti,2025-10-10,13:35:13,-07:00,2025-10-10T13:35:13-07:00,3,70
projects/index.html,82,html,95d90606,Ankita Inamti,2025-10-10,13:35:13,-07:00,2025-10-10T13:35:13-07:00,3,232
projects/index.html,83,html,13c0c0ab,Ankita Inamti,2025-10-25,12:41:55,-07:00,2025-10-25T12:41:55-07:00,2,12
projects/index.html,84,html,95d90606,Ankita Inamti,2025-10-10,13:35:13,-07:00,2025-10-10T13:35:13-07:00,1,4
projects/index.html,85,html,8c07d6ac,Ankita Inamti,2025-10-17,13:06:24,-07:00,2025-10-17T13:06:24-07:00,0,0
projects/index.html,86,html,98e2a09d,Ankita Inamti,2025-10-17,14:52:27,-07:00,2025-10-17T14:52:27-07:00,1,48
projects/index.html,87,html,d766361c,Ankita Inamti,2025-10-25,15:56:54,-07:00,2025-10-25T15:56:54-07:00,1,53
projects/index.html,88,html,c648408a,Ankita Inamti,2025-11-01,12:57:37,-07:00,2025-11-01T12:57:37-07:00,0,0
projects/index.html,89,html,bac75280,Ankita Inamti,2025-10-01,13:54:55,-07:00,2025-10-01T13:54:55-07:00,1,0
projects/index.html,90,html,c4620648,Ankita Inamti,2025-09-30,16:50:42,-07:00,2025-09-30T16:50:42-07:00,0,5
projects/index.html,91,html,c4620648,Ankita Inamti,2025-09-30,16:50:42,-07:00,2025-09-30T16:50:42-07:00,0,5
meta/index.html,1,html,37853f99,Ankita Inamti,2025-11-08,12:46:33,-08:00,2025-11-08T12:46:33-08:00,0,13
meta/index.html,2,html,37853f99,Ankita Inamti,2025-11-08,12:46:33,-08:00,2025-11-08T12:46:33-08:00,0,14
meta/index.html,3,html,37853f99,Ankita Inamti,2025-11-08,12:46:33,-08:00,2025-11-08T12:46:33-08:00,0,4
meta/index.html,4,html,37853f99,Ankita Inamti,2025-11-08,12:46:33,-08:00,2025-11-08T12:46:33-08:00,2,20
meta/index.html,5,html,37853f99,Ankita Inamti,2025-11-08,12:46:33,-08:00,2025-11-08T12:46:33-08:00,2,68
meta/index.html,6,html,37853f99,Ankita Inamti,2025-11-08,12:46:33,-08:00,2025-11-08T12:46:33-08:00,2,17
meta/index.html,7,html,37853f99,Ankita Inamti,2025-11-08,12:46:33,-08:00,2025-11-08T12:46:33-08:00,2,41
meta/index.html,8,html,37853f99,Ankita Inamti,2025-11-08,12:46:33,-08:00,2025-11-08T12:46:33-08:00,0,5
meta/index.html,9,html,37853f99,Ankita Inamti,2025-11-08,12:46:33,-08:00,2025-11-08T12:46:33-08:00,0,0
meta/index.html,10,html,37853f99,Ankita Inamti,2025-11-08,12:46:33,-08:00,2025-11-08T12:46:33-08:00,0,4
meta/index.html,11,html,37853f99,Ankita Inamti,2025-11-08,12:46:33,-08:00,2025-11-08T12:46:33-08:00,0,0
meta/index.html,12,html,37853f99,Ankita Inamti,2025-11-08,12:46:33,-08:00,2025-11-08T12:46:33-08:00,2,11
meta/index.html,13,html,c110dd10,Ankita Inamti,2025-11-08,12:49:52,-08:00,2025-11-08T12:49:52-08:00,2,60
meta/index.html,14,html,c110dd10,Ankita Inamti,2025-11-08,12:49:52,-08:00,2025-11-08T12:49:52-08:00,0,0
meta/index.html,15,html,c110dd10,Ankita Inamti,2025-11-08,12:49:52,-08:00,2025-11-08T12:49:52-08:00,2,48
meta/index.html,16,html,37853f99,Ankita Inamti,2025-11-08,12:46:33,-08:00,2025-11-08T12:46:33-08:00,0,0
meta/index.html,17,html,37853f99,Ankita Inamti,2025-11-08,12:46:33,-08:00,2025-11-08T12:46:33-08:00,0,5
contact/index.html,1,html,c4620648,Ankita Inamti,2025-09-30,16:50:42,-07:00,2025-09-30T16:50:42-07:00,0,13
contact/index.html,2,html,c4620648,Ankita Inamti,2025-09-30,16:50:42,-07:00,2025-09-30T16:50:42-07:00,0,14
contact/index.html,3,html,c4620648,Ankita Inamti,2025-09-30,16:50:42,-07:00,2025-09-30T16:50:42-07:00,0,4
contact/index.html,4,html,c4620648,Ankita Inamti,2025-09-30,16:50:42,-07:00,2025-09-30T16:50:42-07:00,2,20
contact/index.html,5,html,c4620648,Ankita Inamti,2025-09-30,16:50:42,-07:00,2025-09-30T16:50:42-07:00,2,68
contact/index.html,6,html,c4620648,Ankita Inamti,2025-09-30,16:50:42,-07:00,2025-09-30T16:50:42-07:00,2,20
contact/index.html,7,html,b76621c3,Ankita Inamti,2025-10-10,01:06:00,-07:00,2025-10-10T01:06:00-07:00,2,41
contact/index.html,8,html,80caf472,Ankita Inamti,2025-10-10,00:55:32,-07:00,2025-10-10T00:55:32-07:00,0,5
contact/index.html,9,html,80caf472,Ankita Inamti,2025-10-10,00:55:32,-07:00,2025-10-10T00:55:32-07:00,0,4
contact/index.html,10,html,b02281f2,Ankita Inamti,2025-10-17,13:59:22,-07:00,2025-10-17T13:59:22-07:00,1,0
contact/index.html,11,html,b76621c3,Ankita Inamti,2025-10-10,01:06:00,-07:00,2025-10-10T01:06:00-07:00,1,14
contact/index.html,12,html,b76621c3,Ankita Inamti,2025-10-10,01:06:00,-07:00,2025-10-10T01:06:00-07:00,0,0
contact/index.html,13,html,c79c1382,Ankita Inamti,2025-10-10,13:22:38,-07:00,2025-10-10T13:22:38-07:00,1,71
contact/index.html,14,html,1a7c590b,Ankita Inamti,2025-10-10,13:29:24,-07:00,2025-10-10T13:29:24-07:00,2,0
contact/index.html,15,html,1a7c590b,Ankita Inamti,2025-10-10,13:29:24,-07:00,2025-10-10T13:29:24-07:00,2,37
contact/index.html,16,html,1a7c590b,Ankita Inamti,2025-10-10,13:29:24,-07:00,2025-10-10T13:29:24-07:00,2,48
contact/index.html,17,html,c79c1382,Ankita Inamti,2025-10-10,13:22:38,-07:00,2025-10-10T13:22:38-07:00,0,0
contact/index.html,18,html,1a7c590b,Ankita Inamti,2025-10-10,13:29:24,-07:00,2025-10-10T13:29:24-07:00,2,41
contact/index.html,19,html,1a7c590b,Ankita Inamti,2025-10-10,13:29:24,-07:00,2025-10-10T13:29:24-07:00,2,51
contact/index.html,20,html,c79c1382,Ankita Inamti,2025-10-10,13:22:38,-07:00,2025-10-10T13:22:38-07:00,0,0
contact/index.html,21,html,1a7c590b,Ankita Inamti,2025-10-10,13:29:24,-07:00,2025-10-10T13:29:24-07:00,2,38
contact/index.html,22,html,1a7c590b,Ankita Inamti,2025-10-10,13:29:24,-07:00,2025-10-10T13:29:24-07:00,2,50
contact/index.html,23,html,c79c1382,Ankita Inamti,2025-10-10,13:22:38,-07:00,2025-10-10T13:22:38-07:00,0,0
contact/index.html,24,html,c79c1382,Ankita Inamti,2025-10-10,13:22:38,-07:00,2025-10-10T13:22:38-07:00,2,21
contact/index.html,25,html,1a7c590b,Ankita Inamti,2025-10-10,13:29:24,-07:00,2025-10-10T13:29:24-07:00,0,5
contact/index.html,26,html,8c07d6ac,Ankita Inamti,2025-10-17,13:06:24,-07:00,2025-10-17T13:06:24-07:00,0,0
contact/index.html,27,html,98e2a09d,Ankita Inamti,2025-10-17,14:52:27,-07:00,2025-10-17T14:52:27-07:00,0,48
contact/index.html,28,html,c4620648,Ankita Inamti,2025-09-30,16:50:42,-07:00,2025-09-30T16:50:42-07:00,0,5
contact/index.html,29,html,c4620648,Ankita Inamti,2025-09-30,16:50:42,-07:00,2025-09-30T16:50:42-07:00,0,5
